rank,repository,repo_name,final_score,llm_preference_score,technical_execution_score,market_adoption_score,team_resilience_score,funding_gate_multiplier,funding_risk_level,reason_1,reason_2,reason_3,stars,forks,issues,pull_requests,description,website,github_url,investment_brief,methodology_version,analysis_date,dataset_index
1,novuhq/novu,novu,0.5682363881736213,0.6601304405411101,0.89353,0.78855,0.2986751955201073,0.8377882299054308,low_risk_unfunded,Strong technical execution,Growing market adoption,Active development community,37755,4110,8900,7309,"The open-source notification Inbox infrastructure. E-mail, SMS, Push and Slack Integrations.",https://novu.co,https://github.com/novuhq/novu,"Ranked #1 with 0.568 final score. The open-source notification Inbox infrastructure. E-mail, SMS, Push and Slack Integrations....",1.0,2025-09-14,69
2,twentyhq/twenty,twenty,0.5245666798338064,0.7109348139122527,0.90697,0.7668999999999999,0.7119392922947216,0.7005100687975906,medium_risk,High innovation potential detected,Strong technical execution,Growing market adoption,35390,4130,9821,8397,"Building a modern alternative to Salesforce, powered by the community.",https://twenty.com,https://github.com/twentyhq/twenty,"Ranked #2 with 0.525 final score. Building a modern alternative to Salesforce, powered by the community....",1.0,2025-09-14,11
3,go-skynet/LocalAI,LocalAI,0.4870417681212059,0.7122848355184023,0.7717780000000001,0.62768,0.21923757978661862,0.7388226607634124,medium_risk,High innovation potential detected,Strong technical execution,Growing market adoption,35178,2759,5901,4796,":robot: The free, Open Source alternative to OpenAI, Claude and others. Self-hosted and local-first. Drop-in replacement for OpenAI,  running on consumer-grade hardware. No GPU required. Runs gguf, transformers, diffusers and many more models architectures. Features: Generate Text, Audio, Video, Images, Voice Cloning, Distributed, P2P inference",https://localai.io,https://github.com/go-skynet/LocalAI,"Ranked #3 with 0.487 final score. :robot: The free, Open Source alternative to OpenAI, Claude and others. Self-hosted and local-first....",1.0,2025-09-14,83
4,kestra-io/kestra,kestra,0.43475642786131036,0.46261768053306374,0.821464,0.39219000000000004,0.2461600237493173,0.8978216931981825,low_risk_unfunded,Strong technical execution,Active development community,Solid technical foundation,21129,1809,9823,6762,":zap: Universal Workflow Orchestration Platform ‚Äî Code in any language, run anywhere. 900+ plugins for data, infrastructure, and AI automation.",https://kestra.io,https://github.com/kestra-io/kestra,"Ranked #4 with 0.435 final score. :zap: Universal Workflow Orchestration Platform ‚Äî Code in any language, run anywhere. 900+ plugins f...",1.0,2025-09-14,63
5,makeplane/plane,plane,0.35754730677358704,0.49378836226627154,0.860182,0.65567,0.09783133888443228,0.6702747471115139,medium_risk,Strong technical execution,Growing market adoption,Active development community,38697,2687,7600,6270,"üî• üî• üî• Open Source JIRA, Linear, Monday, and Asana Alternative. Plane helps you track your issues, epics, and cycles the easiest way on the planet.",http://plane.so,https://github.com/makeplane/plane,"Ranked #5 with 0.358 final score. üî• üî• üî• Open Source JIRA, Linear, Monday, and Asana Alternative. Plane helps you track your issues, ep...",1.0,2025-09-14,66
6,milvus-io/milvus,milvus,0.3471882027254219,0.3786706671609945,0.917218,0.71038,0.21775476436136001,0.7040677905375013,medium_risk,Strong technical execution,Growing market adoption,Active development community,37128,3391,9815,26649,"Milvus is a high-performance, cloud-native vector database built for scalable vector ANN search",https://milvus.io,https://github.com/milvus-io/milvus,"Ranked #6 with 0.347 final score. Milvus is a high-performance, cloud-native vector database built for scalable vector ANN search...",1.0,2025-09-14,87
7,thanos-io/thanos,thanos,0.3396367601714667,0.37599785815271547,0.71968,0.35724999999999996,0.26887657905107704,0.8203273816615053,low_risk_unfunded,Strong technical execution,Active development community,Solid technical foundation,13695,2203,7917,5096,Highly available Prometheus setup with long term storage capabilities. A CNCF Incubating project.,https://thanos.io,https://github.com/thanos-io/thanos,Ranked #7 with 0.340 final score. Highly available Prometheus setup with long term storage capabilities. A CNCF Incubating project....,1.0,2025-09-14,96
8,langfuse/langfuse,langfuse,0.3318429579258471,0.25476087668183667,0.7007680000000001,0.31023,0.46165708657484994,0.9463060060433917,low_risk_unfunded,Strong technical execution,No institutional funding detected,Active development community,16053,1497,6815,5100,"ü™¢ Open source LLM engineering platform: LLM Observability, metrics, evals, prompt management, playground, datasets. Integrates with OpenTelemetry, Langchain, OpenAI SDK, LiteLLM, and more. üçäYC W23 ",https://langfuse.com/docs,https://github.com/langfuse/langfuse,"Ranked #8 with 0.332 final score. ü™¢ Open source LLM engineering platform: LLM Observability, metrics, evals, prompt management, playgr...",1.0,2025-09-14,59
9,grafana/loki,loki,0.32807516461936787,0.24733501566804844,0.8533780000000001,0.64233,0.3842073159689367,0.797890966191654,medium_risk,Strong technical execution,Growing market adoption,Active development community,26413,3782,9830,13629,"Like Prometheus, but for logs.",https://grafana.com/loki,https://github.com/grafana/loki,"Ranked #9 with 0.328 final score. Like Prometheus, but for logs....",1.0,2025-09-14,93
10,qdrant/qdrant,qdrant,0.3083815312978186,0.442470702207186,0.75973,0.43965,0.4434163893142868,0.6296956765143302,medium_risk,Strong technical execution,Active development community,Solid technical foundation,25875,1809,6816,5314,"Qdrant - High-performance, massive-scale Vector Database and Vector Search Engine for the next generation of AI. Also available in the cloud https://cloud.qdrant.io/",https://qdrant.tech,https://github.com/qdrant/qdrant,"Ranked #10 with 0.308 final score. Qdrant - High-performance, massive-scale Vector Database and Vector Search Engine for the next gener...",1.0,2025-09-14,86
11,OpenBB-finance/OpenBB,OpenBB,0.30729964126028475,0.20896542267879037,0.88638,0.9954000000000001,0.6304319844824371,0.6528713144479785,medium_risk,Strong technical execution,Growing market adoption,Active development community,52175,4954,6922,4734,"Financial data platform for analysts, quants and AI agents.",https://openbb.co,https://github.com/OpenBB-finance/OpenBB,"Ranked #11 with 0.307 final score. Financial data platform for analysts, quants and AI agents....",1.0,2025-09-14,72
12,Infisical/infisical,infisical,0.29153050500650873,0.347610217967735,0.505628,0.33543,0.333068091311163,0.7921343531127075,medium_risk,Active development community,Solid technical foundation,Market opportunity identified,20053,1349,4209,3238,"Infisical is the open-source platform for secrets management, PKI, and SSH access.",https://infisical.com,https://github.com/Infisical/infisical,"Ranked #12 with 0.292 final score. Infisical is the open-source platform for secrets management, PKI, and SSH access....",1.0,2025-09-14,74
13,CopilotKit/CopilotKit,CopilotKit,0.28274779191547417,0.341756770539153,0.354678,0.53668,0.15344841074036641,0.7984911412753755,medium_risk,Active development community,Solid technical foundation,Market opportunity identified,22858,3081,2403,1818,"React UI + elegant infrastructure for AI Copilots, AI chatbots, and in-app AI agents. The Agentic last-mile ü™Å",https://docs.copilotkit.ai,https://github.com/CopilotKit/CopilotKit,"Ranked #13 with 0.283 final score. React UI + elegant infrastructure for AI Copilots, AI chatbots, and in-app AI agents. The Agentic la...",1.0,2025-09-14,15
14,Unleash/unleash,unleash,0.2721507460215424,0.24587922711894772,0.769768,0.20528000000000002,0.719666947168751,0.7440866199380366,medium_risk,Strong technical execution,Active development community,Solid technical foundation,12608,792,9804,9686,Open-source feature management platform,https://www.getunleash.io,https://github.com/Unleash/unleash,Ranked #14 with 0.272 final score. Open-source feature management platform...,1.0,2025-09-14,77
15,appsmithorg/appsmith,appsmith,0.2658684066776959,0.214330612682045,0.92323,0.80225,0.13746404889429506,0.6627378559339341,medium_risk,Strong technical execution,Growing market adoption,Active development community,37945,4228,9852,17461,"Platform to build admin panels, internal tools, and dashboards. Integrates with 25+ databases and any API.",https://www.appsmith.com,https://github.com/appsmithorg/appsmith,"Ranked #15 with 0.266 final score. Platform to build admin panels, internal tools, and dashboards. Integrates with 25+ databases and an...",1.0,2025-09-14,78
16,activeloopai/deeplake,deeplake,0.26261016055053177,0.3245534356602012,0.34721199999999997,0.15582000000000001,0.2929380936068368,0.8768851755503994,low_risk_unfunded,Active development community,Solid technical foundation,Market opportunity identified,8812,677,3006,2552,"Database for AI. Store Vectors, Images, Texts, Videos, etc. Use with LLMs/LangChain. Store, query, version, & visualize any AI data. Stream data in real-time to PyTorch/TensorFlow. https://activeloop.ai",https://activeloop.ai,https://github.com/activeloopai/deeplake,"Ranked #16 with 0.263 final score. Database for AI. Store Vectors, Images, Texts, Videos, etc. Use with LLMs/LangChain. Store, query, v...",1.0,2025-09-14,35
17,documenso/documenso,documenso,0.2621360715413309,0.3736786784945436,0.22787399999999997,0.31189,0.21278483466643375,0.8029892425243405,low_risk_unfunded,Active development community,Solid technical foundation,Market opportunity identified,11589,1960,1822,1296,The Open Source DocuSign Alternative.,https://documenso.com,https://github.com/documenso/documenso,Ranked #17 with 0.262 final score. The Open Source DocuSign Alternative....,1.0,2025-09-14,65
18,openobserve/openobserve,openobserve,0.2620201347630687,0.2410665442870186,0.7457320000000001,0.23057,0.18897526529756634,0.8452732680804278,low_risk_unfunded,Strong technical execution,Active development community,Solid technical foundation,16557,650,8213,5494,"üöÄ 10x easier, üöÄ 140x lower storage cost, üöÄ high performance,  üöÄ petabyte scale - Elasticsearch/Splunk/Datadog alternative for üöÄ (logs, metrics, traces, RUM, Error tracking, Session replay).",https://openobserve.ai,https://github.com/openobserve/openobserve,"Ranked #18 with 0.262 final score. üöÄ 10x easier, üöÄ 140x lower storage cost, üöÄ high performance,  üöÄ petabyte scale - Elasticsearch/Splun...",1.0,2025-09-14,92
19,ToolJet/ToolJet,ToolJet,0.24857952193177046,0.08982401500438322,0.9139,0.83865,0.22456576072681103,0.7327682344700875,medium_risk,Strong technical execution,Growing market adoption,Active development community,36445,4742,9841,8798,"ToolJet is the open-source foundation of ToolJet AI - the AI-native platform for building internal tools, dashboard, business applications, workflows and AI agents üöÄ",https://tooljet.ai,https://github.com/ToolJet/ToolJet,Ranked #19 with 0.249 final score. ToolJet is the open-source foundation of ToolJet AI - the AI-native platform for building internal t...,1.0,2025-09-14,79
20,firezone/firezone,firezone,0.24752254125320647,0.2915743798890435,0.739966,0.10846,0.4959908446198682,0.7035735797979391,medium_risk,Strong technical execution,Active development community,Solid technical foundation,7506,334,9831,7326,Enterprise-ready zero-trust access platform built on WireGuard¬Æ.,https://www.firezone.dev,https://github.com/firezone/firezone,Ranked #20 with 0.248 final score. Enterprise-ready zero-trust access platform built on WireGuard¬Æ....,1.0,2025-09-14,40
21,typesense/typesense,typesense,0.24695569382583593,0.41594596129638567,0.281872,0.32387,0.28616076507531973,0.6691751008308137,medium_risk,Active development community,Solid technical foundation,Market opportunity identified,24317,807,2503,761,"Open Source alternative to Algolia + Pinecone and an Easier-to-Use alternative to ElasticSearch ‚ö° üîç ‚ú® Fast, typo tolerant, in-memory fuzzy Search Engine for building delightful search experiences",https://typesense.org,https://github.com/typesense/typesense,Ranked #21 with 0.247 final score. Open Source alternative to Algolia + Pinecone and an Easier-to-Use alternative to ElasticSearch ‚ö° üîç ...,1.0,2025-09-14,89
22,explodinggradients/ragas,ragas,0.24586530544861054,0.325427254229541,0.220976,0.21381,0.0379776625943298,0.9303493671697606,low_risk_unfunded,No institutional funding detected,Active development community,Solid technical foundation,10681,1070,2219,1129,Supercharge Your LLM Application Evaluations üöÄ,https://docs.ragas.io,https://github.com/explodinggradients/ragas,Ranked #22 with 0.246 final score. Supercharge Your LLM Application Evaluations üöÄ...,1.0,2025-09-14,34
23,pathwaycom/pathway,pathway,0.24528892046012432,0.238852673864135,0.259138,0.55363,0.11994453263099214,0.8848128119754348,low_risk_unfunded,Active development community,Solid technical foundation,Market opportunity identified,42443,1292,112,14,"Python ETL framework for stream processing, real-time analytics, LLM pipelines, and RAG.",https://pathway.com,https://github.com/pathwaycom/pathway,"Ranked #23 with 0.245 final score. Python ETL framework for stream processing, real-time analytics, LLM pipelines, and RAG....",1.0,2025-09-14,26
24,cortexproject/cortex,cortex,0.2447854422870745,0.2463169429962047,0.635506,0.13981,0.36354444840337063,0.8147510455252731,low_risk_unfunded,Strong technical execution,Active development community,Solid technical foundation,5671,831,6900,4931,"A horizontally scalable, highly available, multi-tenant, long term Prometheus.",https://cortexmetrics.io/,https://github.com/cortexproject/cortex,"Ranked #24 with 0.245 final score. A horizontally scalable, highly available, multi-tenant, long term Prometheus....",1.0,2025-09-14,95
25,Helicone/helicone,helicone,0.23805960510096447,0.29041979950748714,0.512878,0.08818000000000001,0.3711095613158568,0.789527701365867,medium_risk,Active development community,Solid technical foundation,Market opportunity identified,4488,433,4201,4499,"üßä Open source LLM observability platform. One line of code to monitor, evaluate, and experiment. YC W23 üçì",https://www.helicone.ai,https://github.com/Helicone/helicone,"Ranked #25 with 0.238 final score. üßä Open source LLM observability platform. One line of code to monitor, evaluate, and experiment. YC ...",1.0,2025-09-14,51
26,highlight/highlight,highlight,0.2378616358035207,0.2656479316158822,0.747286,0.13216,0.6575566316225325,0.6661646643310525,medium_risk,Strong technical execution,Active development community,Solid technical foundation,8656,456,9845,7427,"highlight.io: The open source, full-stack monitoring platform. Error monitoring, session replay, logging, distributed tracing, and more.",https://app.highlight.io,https://github.com/highlight/highlight,"Ranked #26 with 0.238 final score. highlight.io: The open source, full-stack monitoring platform. Error monitoring, session replay, log...",1.0,2025-09-14,37
27,paperless-ngx/paperless-ngx,paperless-ngx,0.2324260149519904,0.0902448680558398,0.610752,0.51462,0.23971819631220506,0.9412835780297615,low_risk_unfunded,Strong technical execution,No institutional funding detected,Active development community,31942,1952,5322,3243,"A community-supported supercharged document management system: scan, index and archive all your documents",http://docs.paperless-ngx.com/,https://github.com/paperless-ngx/paperless-ngx,"Ranked #27 with 0.232 final score. A community-supported supercharged document management system: scan, index and archive all your docu...",1.0,2025-09-14,71
28,shuttle-hq/shuttle,shuttle,0.23241182761805781,0.2835637684855852,0.23584,0.0942,0.2775302441022213,0.9394275573673578,low_risk_unfunded,No institutional funding detected,Active development community,Solid technical foundation,6650,277,2006,1697,Build & ship backends without writing any infrastructure files.,https://shuttle.dev,https://github.com/shuttle-hq/shuttle,Ranked #28 with 0.232 final score. Build & ship backends without writing any infrastructure files....,1.0,2025-09-14,42
29,dyad-sh/dyad,dyad,0.23010195560774488,0.41484879654426476,0.1638,0.2943,0.04427111393016627,0.7144883184447683,medium_risk,Active development community,Solid technical foundation,Market opportunity identified,14680,1475,1204,495,"Free, local, open-source AI app builder ‚ú® v0 / lovable / Bolt alternative üåü Star if you like it!",https://dyad.sh,https://github.com/dyad-sh/dyad,"Ranked #29 with 0.230 final score. Free, local, open-source AI app builder ‚ú® v0 / lovable / Bolt alternative üåü Star if you like it!...",1.0,2025-09-14,23
30,zincsearch/zincsearch,zincsearch,0.22528719719640736,0.2848680959915037,0.183724,0.25129,0.151411522708803,0.8964367234164642,low_risk_unfunded,Active development community,Solid technical foundation,Market opportunity identified,17539,759,923,635,"ZincSearch . A lightweight alternative to elasticsearch that requires minimal resources, written in Go.",https://zincsearch-docs.zinc.dev,https://github.com/zincsearch/zincsearch,"Ranked #30 with 0.225 final score. ZincSearch . A lightweight alternative to elasticsearch that requires minimal resources, written in ...",1.0,2025-09-14,90
31,NangoHQ/nango,nango,0.2226373328822964,0.19214482121193047,0.476638,0.11277999999999999,0.33066836492372853,0.9403247479644415,low_risk_unfunded,No institutional funding detected,Active development community,Solid technical foundation,5848,543,4601,3794,A single API for all your integrations.,https://www.nango.dev,https://github.com/NangoHQ/nango,Ranked #31 with 0.223 final score. A single API for all your integrations....,1.0,2025-09-14,48
32,lightdash/lightdash,lightdash,0.21914813554120488,0.20077697205113088,0.72616,0.112,0.4432400622536282,0.7543457204329254,medium_risk,Strong technical execution,Active development community,Solid technical foundation,5090,611,9854,8714,Self-serve BI to 10x your data team ‚ö°Ô∏è,https://lightdash.com,https://github.com/lightdash/lightdash,Ranked #32 with 0.219 final score. Self-serve BI to 10x your data team ‚ö°Ô∏è...,1.0,2025-09-14,49
33,growthbook/growthbook,growthbook,0.2184443995754254,0.26556266614835766,0.442242,0.12807000000000002,0.4411116001782645,0.7558745878207154,medium_risk,Active development community,Solid technical foundation,Market opportunity identified,6847,596,4516,3321,Open Source Feature Flagging and A/B Testing Platform,https://www.growthbook.io,https://github.com/growthbook/growthbook,Ranked #33 with 0.218 final score. Open Source Feature Flagging and A/B Testing Platform...,1.0,2025-09-14,41
34,VictoriaMetrics/VictoriaMetrics,VictoriaMetrics,0.2158207192943084,0.20338458205419108,0.756906,0.29546,0.258697227360167,0.7058607602044713,medium_risk,Strong technical execution,Active development community,Solid technical foundation,14986,1456,9201,4887,"VictoriaMetrics: fast, cost-effective monitoring solution and time series database",https://victoriametrics.com/,https://github.com/VictoriaMetrics/VictoriaMetrics,"Ranked #34 with 0.216 final score. VictoriaMetrics: fast, cost-effective monitoring solution and time series database...",1.0,2025-09-14,94
35,requestly/requestly,requestly,0.2152872410938005,0.19641294226202805,0.353446,0.07325999999999999,0.42537411100870914,0.9594287103213409,low_risk_unfunded,No institutional funding detected,Active development community,Solid technical foundation,3976,335,3405,2843,Free and open-source API Client & Interceptor.,https://requestly.com,https://github.com/requestly/requestly,Ranked #35 with 0.215 final score. Free and open-source API Client & Interceptor....,1.0,2025-09-14,54
36,hyperdxio/hyperdx,hyperdx,0.2084769595959971,0.31662138274245316,0.162842,0.11917,0.18781497877659684,0.8303998060226141,low_risk_unfunded,Active development community,Solid technical foundation,Market opportunity identified,8847,307,1112,955,"Resolve production issues, fast. An open source observability platform unifying session replays, logs, metrics, traces and errors powered by Clickhouse and OpenTelemetry.",https://hyperdx.io/,https://github.com/hyperdxio/hyperdx,"Ranked #36 with 0.208 final score. Resolve production issues, fast. An open source observability platform unifying session replays, log...",1.0,2025-09-14,36
37,logto-io/logto,logto,0.20440614418967287,0.16857045799620093,0.692998,0.16898000000000002,0.5696151859339923,0.7112240545512879,medium_risk,Strong technical execution,Active development community,Solid technical foundation,10748,615,7617,6960,"üßë‚ÄçüöÄ Authentication and authorization infrastructure for SaaS and AI apps, built on OIDC and OAuth 2.1 with multi-tenancy, SSO, and RBAC.",https://logto.io,https://github.com/logto-io/logto,"Ranked #37 with 0.204 final score. üßë‚ÄçüöÄ Authentication and authorization infrastructure for SaaS and AI apps, built on OIDC and OAuth 2....",1.0,2025-09-14,76
38,knadh/listmonk,listmonk,0.20424660304662,0.32620471743277457,0.23231200000000002,0.35182,0.19495781516290103,0.6744408733157571,medium_risk,Active development community,Solid technical foundation,Market opportunity identified,17782,1740,2550,614,"High performance, self-hosted, newsletter and mailing list manager with a modern dashboard. Single binary app.",https://listmonk.app,https://github.com/knadh/listmonk,"Ranked #38 with 0.204 final score. High performance, self-hosted, newsletter and mailing list manager with a modern dashboard. Single b...",1.0,2025-09-14,70
39,emcie-co/parlant,parlant,0.19967487377319965,0.34752768851061977,0.11874799999999999,0.21208,0.06787413776033784,0.7536942217253048,medium_risk,Active development community,Solid technical foundation,Market opportunity identified,11778,943,504,412,LLM agents built for control. Designed for real-world use. Deployed in minutes.,https://www.parlant.io,https://github.com/emcie-co/parlant,Ranked #39 with 0.200 final score. LLM agents built for control. Designed for real-world use. Deployed in minutes....,1.0,2025-09-14,64
40,m3db/m3,m3,0.19263084837620717,0.26957628567353303,0.455272,0.09487,0.16602041409952598,0.7384195326853421,medium_risk,Active development community,Solid technical foundation,Market opportunity identified,4847,464,4305,3713,"M3 monorepo - Distributed TSDB, Aggregator and Query Engine, Prometheus Sidecar, Graphite Compatible, Metrics Platform",https://m3db.io/,https://github.com/m3db/m3,"Ranked #40 with 0.193 final score. M3 monorepo - Distributed TSDB, Aggregator and Query Engine, Prometheus Sidecar, Graphite Compatible...",1.0,2025-09-14,97
41,erxes/erxes,erxes,0.1901527252897829,0.25546369060290425,0.5038760000000001,0.15341,0.07072672805191157,0.7343397861374322,medium_risk,Active development community,Solid technical foundation,Market opportunity identified,3681,1166,6001,3772,Source available experience management infrastructure. Pioneering the future of experiences with XOS (Experience Operating System). Hubspot + Qualtrics alternative,https://erxes.io,https://github.com/erxes/erxes,Ranked #41 with 0.190 final score. Source available experience management infrastructure. Pioneering the future of experiences with XOS...,1.0,2025-09-14,68
42,rivet-gg/rivet,rivet,0.1901432244281094,0.2045729166689638,0.31059600000000004,0.054959999999999995,0.23673665983563405,0.9448072222590969,low_risk_unfunded,No institutional funding detected,Active development community,Solid technical foundation,4366,113,2800,2505,Scale and orchestrate RivetKit,https://rivet.gg,https://github.com/rivet-gg/rivet,Ranked #42 with 0.190 final score. Scale and orchestrate RivetKit...,1.0,2025-09-14,52
43,windmill-labs/windmill,windmill,0.1898698615391046,0.10082101294564742,0.6799,0.2243,0.2686271594396988,0.8514903957754646,low_risk_unfunded,Strong technical execution,Active development community,Solid technical foundation,14570,786,6416,5267,"Open-source developer platform to power your entire infra and turn scripts into webhooks, workflows and UIs. Fastest workflow engine (13x vs Airflow). Open-source alternative to Retool and Temporal.",https://windmill.dev,https://github.com/windmill-labs/windmill,"Ranked #43 with 0.190 final score. Open-source developer platform to power your entire infra and turn scripts into webhooks, workflows ...",1.0,2025-09-14,30
44,SuperClaude-Org/SuperClaude_Framework,SuperClaude_Framework,0.18971258481706277,0.1972791043221099,0.10805599999999999,0.29120999999999997,0.15419155736285176,0.9795332260891666,low_risk_unfunded,No institutional funding detected,Active development community,Solid technical foundation,15411,1371,245,103,"A configuration framework that enhances Claude Code with specialized commands, cognitive personas, and development methodologies.",https://superclaude.netlify.app/,https://github.com/SuperClaude-Org/SuperClaude_Framework,"Ranked #44 with 0.190 final score. A configuration framework that enhances Claude Code with specialized commands, cognitive personas, a...",1.0,2025-09-14,28
45,fern-api/fern,fern,0.18895272460635384,0.1326355743937278,0.698848,0.05748,0.41568065185028286,0.8054298563419127,low_risk_unfunded,Strong technical execution,Active development community,Solid technical foundation,3308,244,9300,8033,Input OpenAPI. Output SDKs and Docs.,https://buildwithfern.com,https://github.com/fern-api/fern,Ranked #45 with 0.189 final score. Input OpenAPI. Output SDKs and Docs....,1.0,2025-09-14,56
46,keephq/keep,keep,0.18820088355874962,0.2841450186934241,0.45369800000000005,0.21188,0.4045535657661675,0.6055777337111498,medium_risk,Active development community,Solid technical foundation,Market opportunity identified,10658,1053,5229,2911,The open-source AIOps and alert management platform,https://keephq.dev,https://github.com/keephq/keep,Ranked #46 with 0.188 final score. The open-source AIOps and alert management platform...,1.0,2025-09-14,33
47,agent0ai/agent-zero,agent-zero,0.18816340162110784,0.22574514913501453,0.115104,0.34579,0.18497522641340933,0.8434843460899479,low_risk_unfunded,Active development community,Solid technical foundation,Market opportunity identified,11709,2287,647,318,Agent Zero AI framework,https://agent-zero.ai,https://github.com/agent0ai/agent-zero,Ranked #47 with 0.188 final score. Agent Zero AI framework...,1.0,2025-09-14,22
48,teableio/teable,teable,0.18114640288762718,0.21967955899494845,0.279862,0.29691999999999996,0.19350786759793046,0.7621574682853091,medium_risk,Active development community,Solid technical foundation,Market opportunity identified,19482,1021,1715,1394,‚ú® The Next Gen Airtable Alternative: No-Code Postgres,https://teable.ai,https://github.com/teableio/teable,Ranked #48 with 0.181 final score. ‚ú® The Next Gen Airtable Alternative: No-Code Postgres...,1.0,2025-09-14,75
49,simstudioai/sim,sim,0.18098362915219712,0.2969872208892865,0.213924,0.33124,0.10770900192035235,0.6684829649782418,medium_risk,Active development community,Solid technical foundation,Market opportunity identified,14774,1835,1304,1077,Open-source platform to build and deploy AI agent workflows.,https://www.sim.ai,https://github.com/simstudioai/sim,Ranked #49 with 0.181 final score. Open-source platform to build and deploy AI agent workflows....,1.0,2025-09-14,2
50,Avaiga/taipy,taipy,0.17979029759940487,0.21869654332672403,0.30844800000000006,0.37878,0.07437403659323322,0.743735614343784,medium_risk,Active development community,Solid technical foundation,Market opportunity identified,18618,1926,2526,1512,Turns Data and AI algorithms into production-ready web applications in no time.,https://www.taipy.io,https://github.com/Avaiga/taipy,Ranked #50 with 0.180 final score. Turns Data and AI algorithms into production-ready web applications in no time....,1.0,2025-09-14,82
51,stagewise-io/stagewise,stagewise,0.17962314366343948,0.21729910192441057,0.099138,0.09798,0.21110852438095765,0.9920750818987217,low_risk_unfunded,No institutional funding detected,Active development community,Solid technical foundation,6138,366,605,552,stagewise is the first frontend coding agent for existing production-grade web apps ü™Ñ  -- Lives inside your browser üíª -- Makes changes in local codebase ü§ì -- Compatible with all kinds of frameworks and setups üí™,https://stagewise.io,https://github.com/stagewise-io/stagewise,Ranked #51 with 0.180 final score. stagewise is the first frontend coding agent for existing production-grade web apps ü™Ñ  -- Lives insi...,1.0,2025-09-14,13
52,0x4m4/hexstrike-ai,hexstrike-ai,0.17896463797449846,0.27991196055050016,0.019036,0.09541000000000001,0.04895227841252907,0.9418730243489409,low_risk_unfunded,No institutional funding detected,Active development community,Solid technical foundation,2791,675,55,8,"HexStrike AI MCP Agents is an advanced MCP server that lets AI agents (Claude, GPT, Copilot, etc.) autonomously run 150+ cybersecurity tools for automated pentesting, vulnerability discovery, bug bounty automation, and security research. Seamlessly bridge LLMs with real-world offensive security capabilities.",https://www.hexstrike.com/,https://github.com/0x4m4/hexstrike-ai,"Ranked #52 with 0.179 final score. HexStrike AI MCP Agents is an advanced MCP server that lets AI agents (Claude, GPT, Copilot, etc.) a...",1.0,2025-09-14,7
53,weaviate/weaviate,weaviate,0.1784165594410786,0.1606576921686914,0.76033,0.2531,0.3415276960902576,0.6314247213411494,medium_risk,Strong technical execution,Active development community,Solid technical foundation,14550,1076,9101,6524,"Weaviate is an open-source vector database that stores both objects and vectors, allowing for the combination of vector search with structured filtering with the fault tolerance and scalability of a cloud-native database‚Äã.",https://weaviate.io/developers/weaviate/,https://github.com/weaviate/weaviate,"Ranked #53 with 0.178 final score. Weaviate is an open-source vector database that stores both objects and vectors, allowing for the co...",1.0,2025-09-14,85
54,oraios/serena,serena,0.1783463307449907,0.3376293713385099,0.10869400000000001,0.20444,0.004500706949499961,0.7133916193799431,medium_risk,Active development community,Solid technical foundation,Market opportunity identified,12124,832,545,245,A powerful coding agent toolkit providing semantic retrieval and editing capabilities (MCP server & other integrations),,https://github.com/oraios/serena,Ranked #54 with 0.178 final score. A powerful coding agent toolkit providing semantic retrieval and editing capabilities (MCP server & ...,1.0,2025-09-14,3
55,quickwit-oss/quickwit,quickwit,0.1763716838649153,0.08555766795681166,0.508852,0.15252,0.3134249620132795,0.9696991129889219,low_risk_unfunded,No institutional funding detected,Active development community,Solid technical foundation,10402,485,5804,3404,"Cloud-native search engine for observability. An open-source alternative to Datadog, Elasticsearch, Loki, and Tempo.",https://quickwit.io,https://github.com/quickwit-oss/quickwit,"Ranked #55 with 0.176 final score. Cloud-native search engine for observability. An open-source alternative to Datadog, Elasticsearch, ...",1.0,2025-09-14,91
56,evidentlyai/evidently,evidently,0.17203409651393825,0.3106480555049074,0.19098,0.1383,0.08837453095398479,0.7032756996498345,medium_risk,Active development community,Solid technical foundation,Market opportunity identified,6600,723,1702,1254,"Evidently is ‚Äã‚Äãan open-source ML and LLM observability framework. Evaluate, test, and monitor any AI-powered system or data pipeline. From tabular data to Gen AI. 100+ metrics.",https://discord.gg/xZjKRaNp8b,https://github.com/evidentlyai/evidently,"Ranked #56 with 0.172 final score. Evidently is ‚Äã‚Äãan open-source ML and LLM observability framework. Evaluate, test, and monitor any AI...",1.0,2025-09-14,43
57,chroma-core/chroma,chroma,0.16987439880666952,0.10895974681576186,0.6188020000000001,0.41467,0.4273254379671149,0.64559313084562,medium_risk,Strong technical execution,Active development community,Solid technical foundation,23247,1822,5404,3965,Open-source search and retrieval database for AI applications.,https://www.trychroma.com/,https://github.com/chroma-core/chroma,Ranked #57 with 0.170 final score. Open-source search and retrieval database for AI applications....,1.0,2025-09-14,84
58,agentscope-ai/agentscope,agentscope,0.16894909843195421,0.3369291308436697,0.127864,0.18739,0.13346299891828597,0.6429007603349909,medium_risk,Active development community,Solid technical foundation,Market opportunity identified,11099,764,725,494,AgentScope: Agent-Oriented Programming for Building LLM Applications,https://doc.agentscope.io/,https://github.com/agentscope-ai/agentscope,Ranked #58 with 0.169 final score. AgentScope: Agent-Oriented Programming for Building LLM Applications...,1.0,2025-09-14,21
59,boundaryml/baml,baml,0.16876150672791676,0.18861201424694962,0.25174799999999997,0.08478,0.11565724206850456,0.9631839078397461,low_risk_unfunded,No institutional funding detected,Active development community,Solid technical foundation,5778,270,2404,1812,The AI framework that adds the engineering to prompt engineering (Python/TS/Ruby/Java/C#/Rust/Go compatible),https://docs.boundaryml.com,https://github.com/boundaryml/baml,Ranked #59 with 0.169 final score. The AI framework that adds the engineering to prompt engineering (Python/TS/Ruby/Java/C#/Rust/Go com...,1.0,2025-09-14,12
60,triggerdotdev/trigger.dev,trigger.dev,0.1672641919388784,0.1796181855640011,0.294072,0.20362000000000002,0.09468357865126882,0.8716531171924348,low_risk_unfunded,Active development community,Solid technical foundation,Market opportunity identified,12252,811,2408,1854,Trigger.dev ‚Äì build and deploy fully‚Äëmanaged AI agents and workflows,https://trigger.dev/changelog,https://github.com/triggerdotdev/trigger.dev,Ranked #60 with 0.167 final score. Trigger.dev ‚Äì build and deploy fully‚Äëmanaged AI agents and workflows...,1.0,2025-09-14,32
61,authzed/spicedb,spicedb,0.16224315170081174,0.16521476171349558,0.265332,0.09426999999999999,0.21922899198981793,0.9271458099233731,low_risk_unfunded,No institutional funding detected,Active development community,Solid technical foundation,6017,341,2409,1962,"Open Source, Google Zanzibar-inspired database for scalably storing and querying fine-grained authorization data",https://authzed.com/docs,https://github.com/authzed/spicedb,"Ranked #61 with 0.162 final score. Open Source, Google Zanzibar-inspired database for scalably storing and querying fine-grained author...",1.0,2025-09-14,46
62,resemble-ai/chatterbox,chatterbox,0.15926232879087832,0.3200911352678959,0.092302,0.28722000000000003,0.15126138822524485,0.6030171498847582,medium_risk,Active development community,Solid technical foundation,Market opportunity identified,12662,1606,251,110,SoTA open-source TTS,https://resemble-ai.github.io/chatterbox_demopage/,https://github.com/resemble-ai/chatterbox,Ranked #62 with 0.159 final score. SoTA open-source TTS...,1.0,2025-09-14,1
63,onlook-dev/onlook,onlook,0.15778005135553275,0.1528478659853395,0.36646199999999995,0.37987000000000004,0.07620925605387377,0.7467837262101941,medium_risk,Active development community,Solid technical foundation,Market opportunity identified,22447,1554,2718,1878,"The Cursor for Designers ‚Ä¢ An Open-Source AI-First Design tool ‚Ä¢ Visually build, style, and edit your React App with AI",https://onlook.com,https://github.com/onlook-dev/onlook,"Ranked #63 with 0.158 final score. The Cursor for Designers ‚Ä¢ An Open-Source AI-First Design tool ‚Ä¢ Visually build, style, and edit you...",1.0,2025-09-14,27
64,nari-labs/dia,dia,0.15348770182225333,0.2522548327087407,0.12450599999999999,0.33926,0.1744799582496388,0.6439166388464281,medium_risk,Active development community,Solid technical foundation,Market opportunity identified,18336,1559,235,93,A TTS model capable of generating ultra-realistic dialogue in one pass.,https://narilabs.org/,https://github.com/nari-labs/dia,Ranked #64 with 0.153 final score. A TTS model capable of generating ultra-realistic dialogue in one pass....,1.0,2025-09-14,10
65,fonoster/fonoster,fonoster,0.1531578489212357,0.2933513271657796,0.106982,0.11167,0.16688051238526266,0.6792023322450064,medium_risk,Active development community,Solid technical foundation,Market opportunity identified,6997,417,700,550,üöÄ The open-source alternative to Twilio.,https://fonoster.com,https://github.com/fonoster/fonoster,Ranked #65 with 0.153 final score. üöÄ The open-source alternative to Twilio....,1.0,2025-09-14,80
66,questdb/questdb,questdb,0.1501923247332763,0.10322929974656912,0.579122,0.30801999999999996,0.15313280286289113,0.7141060392182232,medium_risk,Active development community,Solid technical foundation,Market opportunity identified,16082,1472,5925,3811,"QuestDB is a high performance, open-source, time-series database",https://questdb.com,https://github.com/questdb/questdb,"Ranked #66 with 0.150 final score. QuestDB is a high performance, open-source, time-series database...",1.0,2025-09-14,58
67,bytebot-ai/bytebot,bytebot,0.1475125365778944,0.2649884946258102,0.049458,0.14058,0.09063172149666941,0.7504632629828014,medium_risk,Active development community,Solid technical foundation,Market opportunity identified,6728,733,111,72,"Bytebot is a self-hosted AI desktop agent that automates computer tasks through natural language commands, operating within a containerized Linux desktop environment.",https://www.bytebot.ai/,https://github.com/bytebot-ai/bytebot,Ranked #67 with 0.148 final score. Bytebot is a self-hosted AI desktop agent that automates computer tasks through natural language com...,1.0,2025-09-14,62
68,vocodedev/vocode-core,vocode-core,0.14702564695239204,0.24749101637425092,0.08759,0.09659999999999999,0.07823655520146859,0.7992836768664078,medium_risk,Active development community,Solid technical foundation,Market opportunity identified,3440,622,717,568,ü§ñ Build voice-based LLM agents. Modular + open source.,https://vocode.dev,https://github.com/vocodedev/vocode-core,Ranked #68 with 0.147 final score. ü§ñ Build voice-based LLM agents. Modular + open source....,1.0,2025-09-14,55
69,Skyvern-AI/skyvern,skyvern,0.1460114132294436,0.06004655196936545,0.43184,0.262,0.4444532490825696,0.7911785521277608,medium_risk,Active development community,Solid technical foundation,Market opportunity identified,14240,1196,3304,3091,Automate browser-based workflows with LLMs and Computer Vision,https://www.skyvern.com,https://github.com/Skyvern-AI/skyvern,Ranked #69 with 0.146 final score. Automate browser-based workflows with LLMs and Computer Vision...,1.0,2025-09-14,31
70,livestorejs/livestore,livestore,0.14576540402826726,0.2614563339011564,0.06261,0.03845,0.05620433440547004,0.8205052107734796,low_risk_unfunded,Active development community,Solid technical foundation,Market opportunity identified,2965,88,606,333,LiveStore is a next-generation state management framework based on reactive SQLite and built-in sync engine.,https://livestore.dev,https://github.com/livestorejs/livestore,Ranked #70 with 0.146 final score. LiveStore is a next-generation state management framework based on reactive SQLite and built-in sync...,1.0,2025-09-14,25
71,traceloop/openllmetry,openllmetry,0.142989455659322,0.1007677970469528,0.382614,0.14368999999999998,0.1318058198519521,0.9371020247705175,low_risk_unfunded,No institutional funding detected,Active development community,Solid technical foundation,6389,798,3308,3063,"Open-source observability for your LLM application, based on OpenTelemetry",https://www.traceloop.com/openllmetry,https://github.com/traceloop/openllmetry,"Ranked #71 with 0.143 final score. Open-source observability for your LLM application, based on OpenTelemetry...",1.0,2025-09-14,44
72,Eventual-Inc/Daft,Daft,0.14262163984046233,0.014490504398453565,0.478352,0.07297000000000001,0.5523040350964336,0.9727098331063088,low_risk_unfunded,No institutional funding detected,Active development community,Solid technical foundation,4337,296,5003,3778,Distributed query engine providing simple and reliable data processing for any modality and scale,https://daft.ai,https://github.com/Eventual-Inc/Daft,Ranked #72 with 0.143 final score. Distributed query engine providing simple and reliable data processing for any modality and scale...,1.0,2025-09-14,61
73,formbricks/formbricks,formbricks,0.14110181539042405,0.0813780336809089,0.581666,0.31141,0.505816879467972,0.6046272910923018,medium_risk,Active development community,Solid technical foundation,Market opportunity identified,11241,1990,6218,4096,Open Source Qualtrics Alternative,https://formbricks.com,https://github.com/formbricks/formbricks,Ranked #73 with 0.141 final score. Open Source Qualtrics Alternative...,1.0,2025-09-14,67
74,ArroyoSystems/arroyo,arroyo,0.1410484248430243,0.24410724180791885,0.11028,0.07545,0.0754073494441254,0.775568419207334,medium_risk,Active development community,Solid technical foundation,Market opportunity identified,4515,303,901,702,Distributed stream processing engine in Rust,https://arroyo.dev,https://github.com/ArroyoSystems/arroyo,Ranked #74 with 0.141 final score. Distributed stream processing engine in Rust...,1.0,2025-09-14,50
75,robotmcp/ros-mcp-server,ros-mcp-server,0.1379509445968448,0.24771992383321614,0.0029739999999999996,0.01114,0.053338439185713495,0.8838312599995851,low_risk_unfunded,Active development community,Solid technical foundation,Market opportunity identified,414,70,11,2,Connect AI models like Claude & GPT with robots using MCP and ROS.,,https://github.com/robotmcp/ros-mcp-server,Ranked #75 with 0.138 final score. Connect AI models like Claude & GPT with robots using MCP and ROS....,1.0,2025-09-14,100
76,Mooncake-Labs/pg_mooncake,pg_mooncake,0.13603603763129957,0.28244839409645606,0.01948,0.02125,0.04141193883127591,0.7569343520223629,medium_risk,Active development community,Solid technical foundation,Market opportunity identified,1665,46,135,68,Real-time analytics on Postgres tables,https://mooncake.dev/,https://github.com/Mooncake-Labs/pg_mooncake,Ranked #76 with 0.136 final score. Real-time analytics on Postgres tables...,1.0,2025-09-14,9
77,superglue-ai/superglue,superglue,0.13464622818209984,0.24275412455741205,0.037514000000000006,0.02894,0.11275600259971189,0.8067664114327538,low_risk_unfunded,Active development community,Solid technical foundation,Market opportunity identified,1904,99,203,250,"superglue integrates & orchestrates APIs from natural language. Agents use it to build deterministic workflows across apps, APIs and databases. Humans use it to generate insights, build automations and manage data.",https://superglue.ai,https://github.com/superglue-ai/superglue,Ranked #77 with 0.135 final score. superglue integrates & orchestrates APIs from natural language. Agents use it to build deterministic...,1.0,2025-09-14,17
78,GraphiteEditor/Graphite,Graphite,0.13359879610559922,0.10490682167446533,0.370236,0.29976,0.0415530003029469,0.7971345955798163,medium_risk,Active development community,Solid technical foundation,Market opportunity identified,21086,889,3100,1884,"An open source graphics editor for 2025: comprehensive 2D content creation tool suite for graphic design, digital art, and interactive real-time motion graphics ‚Äî featuring node-based procedural editing",https://graphite.rs,https://github.com/GraphiteEditor/Graphite,Ranked #78 with 0.134 final score. An open source graphics editor for 2025: comprehensive 2D content creation tool suite for graphic de...,1.0,2025-09-14,24
79,getzep/graphiti,graphiti,0.13178216972285706,0.14722146929502025,0.184444,0.34199,0.14750393724411592,0.7238854480555555,medium_risk,Active development community,Solid technical foundation,Market opportunity identified,18019,1618,835,641,Build Real-Time Knowledge Graphs for AI Agents,https://help.getzep.com/graphiti,https://github.com/getzep/graphiti,Ranked #79 with 0.132 final score. Build Real-Time Knowledge Graphs for AI Agents...,1.0,2025-09-14,4
80,paradedb/paradedb,paradedb,0.1301815624685674,0.2421662145790398,0.32286,0.1046,0.034259863678549544,0.6116269431357962,medium_risk,Active development community,Solid technical foundation,Market opportunity identified,7730,273,3008,2328,"ParadeDB is a modern Elasticsearch alternative built on Postgres. Built for real-time, update-heavy workloads.",https://paradedb.com,https://github.com/paradedb/paradedb,"Ranked #80 with 0.130 final score. ParadeDB is a modern Elasticsearch alternative built on Postgres. Built for real-time, update-heavy ...",1.0,2025-09-14,39
81,rowyio/rowy,rowy,0.12454568798790622,0.21777067394274208,0.131504,0.12119,0.053092528101295215,0.7162912760862935,medium_risk,Active development community,Solid technical foundation,Market opportunity identified,6729,539,1115,721,"Low-code backend platform. Manage database on spreadsheet-like UI and build cloud functions workflows in JS/TS, all in your browser.",http://rowy.io,https://github.com/rowyio/rowy,Ranked #81 with 0.125 final score. Low-code backend platform. Manage database on spreadsheet-like UI and build cloud functions workflow...,1.0,2025-09-14,73
82,supertokens/supertokens-core,supertokens-core,0.12385208735309701,0.21709040633970436,0.17119800000000002,0.20588,0.018800635703538966,0.6563577527504509,medium_risk,Active development community,Solid technical foundation,Market opportunity identified,14498,609,1111,636,Open source alternative to Auth0 / Firebase Auth / AWS Cognito ,https://supertokens.com,https://github.com/supertokens/supertokens-core,Ranked #82 with 0.124 final score. Open source alternative to Auth0 / Firebase Auth / AWS Cognito ...,1.0,2025-09-14,60
83,MiniMax-AI/MiniMax-01,MiniMax-01,0.11674821983986275,0.1933077842967661,0.021464,0.060289999999999996,0.09812870982184951,0.8456299965035154,low_risk_unfunded,Active development community,Solid technical foundation,Market opportunity identified,3139,289,53,13,"The official repo of MiniMax-Text-01 and MiniMax-VL-01, large-language-model & vision-language-model based on Linear Attention",https://www.minimax.io/,https://github.com/MiniMax-AI/MiniMax-01,"Ranked #83 with 0.117 final score. The official repo of MiniMax-Text-01 and MiniMax-VL-01, large-language-model & vision-language-model...",1.0,2025-09-14,29
84,rowboatlabs/rowboat,rowboat,0.10734606635438124,0.1633190585552431,0.042396,0.06636,0.0746573857743305,0.881543570694826,low_risk_unfunded,Active development community,Solid technical foundation,Market opportunity identified,3466,317,200,195,AI-powered multi-agent builder,https://www.rowboatlabs.com,https://github.com/rowboatlabs/rowboat,Ranked #84 with 0.107 final score. AI-powered multi-agent builder...,1.0,2025-09-14,6
85,OpenPipe/OpenPipe,OpenPipe,0.10348103208631106,0.14882067684383432,0.0889,0.043300000000000005,0.18365990023098888,0.8116898104301102,low_risk_unfunded,Active development community,Solid technical foundation,Market opportunity identified,2730,160,700,644,Turn expensive prompts into cheap fine-tuned models,https://openpipe.ai,https://github.com/OpenPipe/OpenPipe,Ranked #85 with 0.103 final score. Turn expensive prompts into cheap fine-tuned models...,1.0,2025-09-14,57
86,marqo-ai/marqo,marqo,0.10280012569604867,0.1713717766285637,0.148148,0.07078,0.120611713422357,0.6958958413200046,medium_risk,Active development community,Solid technical foundation,Market opportunity identified,4938,214,1204,1030,Unified embedding generation and search engine. Also available on cloud - cloud.marqo.ai,https://www.marqo.ai/,https://github.com/marqo-ai/marqo,Ranked #86 with 0.103 final score. Unified embedding generation and search engine. Also available on cloud - cloud.marqo.ai...,1.0,2025-09-14,88
87,hatchet-dev/hatchet,hatchet,0.1019160866026743,0.10494428163496901,0.261854,0.08639,0.035624177810596076,0.8581280940149237,low_risk_unfunded,Active development community,Solid technical foundation,Market opportunity identified,6019,262,2202,1996,ü™ì Run Background Tasks at Scale,https://hatchet.run,https://github.com/hatchet-dev/hatchet,Ranked #87 with 0.102 final score. ü™ì Run Background Tasks at Scale...,1.0,2025-09-14,47
88,superagent-ai/superagent,superagent,0.09772948938757436,0.13924201512884546,0.117458,0.15488000000000002,0.11857938844243703,0.7172603994556009,medium_risk,Active development community,Solid technical foundation,Market opportunity identified,6118,937,1009,631,The worlds first purpose-built firewall for AI,https://superagent.sh,https://github.com/superagent-ai/superagent,Ranked #88 with 0.098 final score. The worlds first purpose-built firewall for AI...,1.0,2025-09-14,45
89,yichuan-w/LEANN,LEANN,0.09739832551650665,0.18162927470437765,0.020456,0.04836,0.047045612529270246,0.785441697968054,medium_risk,Active development community,Solid technical foundation,Market opportunity identified,2516,232,40,52,"RAG on Everything with LEANN. Enjoy 97% storage savings while running a fast, accurate, and 100% private RAG application on your personal device.",,https://github.com/yichuan-w/LEANN,"Ranked #89 with 0.097 final score. RAG on Everything with LEANN. Enjoy 97% storage savings while running a fast, accurate, and 100% pri...",1.0,2025-09-14,19
90,getlago/lago,lago,0.08461181098422346,0.11305126443655304,0.094976,0.12856,0.046619614226883134,0.7980505659208323,medium_risk,Active development community,Solid technical foundation,Market opportunity identified,8446,441,514,361,"Open Source Metering and Usage Based Billing API ‚≠êÔ∏è Consumption tracking, Subscription management, Pricing iterations, Payment orchestration & Revenue analytics",https://www.getlago.com,https://github.com/getlago/lago,"Ranked #90 with 0.085 final score. Open Source Metering and Usage Based Billing API ‚≠êÔ∏è Consumption tracking, Subscription management, P...",1.0,2025-09-14,38
91,semaphoreio/semaphore,semaphore,0.08425761397486572,0.13815358762992058,0.01112,0.0192,0.03796574487198718,0.923505442218443,low_risk_unfunded,No institutional funding detected,Active development community,Solid technical foundation,1300,62,76,13,Semaphore is an open source CI/CD platform. Self-host Semaphore on your own servers or on a cloud provider.,https://semaphore.io/,https://github.com/semaphoreio/semaphore,Ranked #91 with 0.084 final score. Semaphore is an open source CI/CD platform. Self-host Semaphore on your own servers or on a cloud pr...,1.0,2025-09-14,99
92,sirius-db/sirius,sirius,0.07851290509861415,0.16763104013797847,0.006605999999999999,0.0054600000000000004,0.06370269007473445,0.7218993781353856,medium_risk,Active development community,Solid technical foundation,Market opportunity identified,436,11,45,33,,https://www.sirius-db.com,https://github.com/sirius-db/sirius,Ranked #92 with 0.079 final score. No description available...,1.0,2025-09-14,20
93,11cafe/jaaz,jaaz,0.07802013841501715,0.08768093777471539,0.050558,0.07853,0.16357181682280322,0.8832907377271315,low_risk_unfunded,Active development community,Solid technical foundation,Market opportunity identified,4313,354,220,226,The world's first open-source multimodal creative assistant  This is a substitute for Canva and Manus that prioritizes privacy and is usable locally.,https://jaaz.app,https://github.com/11cafe/jaaz,Ranked #93 with 0.078 final score. The world's first open-source multimodal creative assistant  This is a substitute for Canva and Manu...,1.0,2025-09-14,5
94,skypilot-org/skypilot,skypilot,0.07294031500900279,0.055013001894607734,0.073912,0.16407,0.07494897137694477,0.9572220034216339,low_risk_unfunded,No institutional funding detected,Active development community,Solid technical foundation,8697,771,343,143,"Run, manage, and scale AI workloads on any AI infrastructure. Use one system to access & manage all AI compute (Kubernetes, 17+ clouds, or on-prem).",https://docs.skypilot.co/en/latest/docs/index.html,https://github.com/skypilot-org/skypilot,"Ranked #94 with 0.073 final score. Run, manage, and scale AI workloads on any AI infrastructure. Use one system to access & manage all ...",1.0,2025-09-14,98
95,defog-ai/sqlcoder,sqlcoder,0.06834158079781517,0.12828759736292103,0.027928,0.06503,0.12004206203118675,0.6640232440609887,medium_risk,Active development community,Solid technical foundation,Market opportunity identified,3883,262,125,11,SoTA LLM for converting natural language questions to SQL queries,,https://github.com/defog-ai/sqlcoder,Ranked #95 with 0.068 final score. SoTA LLM for converting natural language questions to SQL queries...,1.0,2025-09-14,53
96,onkernel/kernel-images,kernel-images,0.06727834672656972,0.1331470325714893,0.008128,0.00793,0.02862164091730313,0.7900313607791778,medium_risk,Active development community,Solid technical foundation,Market opportunity identified,523,27,9,59,Browsers-as-a-service for automations and web agents,https://www.onkernel.com,https://github.com/onkernel/kernel-images,Ranked #96 with 0.067 final score. Browsers-as-a-service for automations and web agents...,1.0,2025-09-14,16
97,jitsucom/jitsu,jitsu,0.05663123211813984,0.07376863516563237,0.112618,0.07547999999999999,0.14754103781657868,0.6492174932206227,medium_risk,Active development community,Solid technical foundation,Market opportunity identified,4398,315,1213,623,"Jitsu is an open-source Segment alternative. Fully-scriptable data ingestion engine for modern data teams. Set-up a real-time data pipeline in minutes, not days",https://jitsu.com,https://github.com/jitsucom/jitsu,Ranked #97 with 0.057 final score. Jitsu is an open-source Segment alternative. Fully-scriptable data ingestion engine for modern data ...,1.0,2025-09-14,81
98,Operative-Sh/web-eval-agent,web-eval-agent,0.05601887513558004,0.07134001974192349,0.009335999999999999,0.02151,0.1187462832722261,0.9445808093604126,low_risk_unfunded,No institutional funding detected,Active development community,Solid technical foundation,1181,97,11,24,An MCP server that autonomously evaluates web applications. ,https://www.operative.sh/mcp,https://github.com/Operative-Sh/web-eval-agent,Ranked #98 with 0.056 final score. An MCP server that autonomously evaluates web applications. ...,1.0,2025-09-14,18
99,VectifyAI/PageIndex,PageIndex,0.055545791715290074,0.10130416154027644,0.016654,0.04364,0.07866612900718313,0.7149375323852233,medium_risk,Active development community,Solid technical foundation,Market opportunity identified,2464,190,17,17,üìÑüß† PageIndex: Document Index for Reasoning-based RAG,https://pageindex.ai,https://github.com/VectifyAI/PageIndex,Ranked #99 with 0.056 final score. üìÑüß† PageIndex: Document Index for Reasoning-based RAG...,1.0,2025-09-14,8
100,M4THYOU/TokenDagger,TokenDagger,0.01759203076651055,0.03590687729578623,0.002826,0.00551,0.03666443937042569,0.6648293905103325,medium_risk,Active development community,Solid technical foundation,Market opportunity identified,451,10,4,0,High-Performance Implementation of OpenAI's TikToken.,,https://github.com/M4THYOU/TokenDagger,Ranked #100 with 0.018 final score. High-Performance Implementation of OpenAI's TikToken....,1.0,2025-09-14,14
