repository,owner,repo_name,stars,forks,watchers,description,created_at,pushed_at,updated_at,language,size,has_issues,has_projects,has_wiki,has_pages,has_downloads,archived,disabled,private,fork,license,default_branch,open_issues_count,topics,visibility,homepage,collection_failed,contributors_count,top_contributor_commits,releases_count,latest_release_date,languages,primary_language_bytes,dataset_index,dataset_description,dataset_website,dataset_initial_stars,dataset_initial_forks,commit_velocity_score,release_cadence_score,maintenance_activity_score,development_consistency_score,execution_velocity_composite,team_resilience_score,community_health_score,growth_trajectory_score,network_effects_score,team_community_composite,operational_readiness_score,code_quality_score,api_stability_score,documentation_score,technical_maturity_composite,problem_ambition_score,commercial_viability_score,technology_differentiation_score,market_readiness_score,market_positioning_composite,category_potential_score,bsv_investment_score
resemble-ai/chatterbox,resemble-ai,chatterbox,12825,1629,12825,SoTA open-source TTS,2025-04-23T08:16:38Z,2025-09-04T21:53:19Z,2025-09-14T23:38:52Z,Python,832,True,True,True,False,True,False,False,False,False,MIT License,master,171,[],public,https://resemble-ai.github.io/chatterbox_demopage/,False,12,8,1,2025-06-13T14:42:01Z,['Python'],325672,1,SoTA open-source TTS,https://resemble-ai.github.io/chatterbox_demopage/,12662,1606,0,0,0,0,0,0,,0,0,,0,1.0,1.0,0,1.0,0.0,0.9999999999999994,0.0,0,0.0,0.0,0.0
simstudioai/sim,simstudioai,sim,14934,1863,14934,Open-source platform to build and deploy AI agent workflows.,2025-01-05T22:47:49Z,2025-09-14T01:16:19Z,2025-09-15T00:41:50Z,TypeScript,273787,True,True,False,False,True,False,False,False,False,Apache License 2.0,main,73,"['agent-workflow', 'agentic-workflow', 'agents', 'ai', 'aiagents', 'anthropic', 'artificial-intelligence', 'automation', 'chatbot', 'deepseek', 'gemini', 'low-code', 'nextjs', 'no-code', 'openai', 'rag', 'react', 'typescript']",public,https://www.sim.ai,False,18,895,0,,"['TypeScript', 'MDX', 'CSS', 'Python', 'Shell', 'Smarty', 'JavaScript', 'Dockerfile', 'PLpgSQL']",11146250,2,Open-source platform to build and deploy AI agent workflows.,https://www.sim.ai,14774,1835,0,0,0,0,0,0,,0,0,,0,0.0,1.0,0,0.7763975155279503,1.0,0.9999999999999994,0.0,0,0.8275862068965519,0.8110344827586206,0.8110344827586207
oraios/serena,oraios,serena,12348,843,12348,A powerful coding agent toolkit providing semantic retrieval and editing capabilities (MCP server & other integrations),2025-03-23T22:35:24Z,2025-09-14T11:22:15Z,2025-09-15T00:23:04Z,Python,4046,True,True,False,False,True,False,False,False,False,MIT License,main,82,"['agent', 'ai', 'ai-coding', 'claude', 'claude-code', 'language-server', 'llms', 'mcp-server', 'programming', 'vibe-coding']",public,,False,30,705,3,2025-08-15T12:01:05Z,"['Python', 'AL', 'Elixir', 'JavaScript', 'Erlang', 'Nix', 'Lua', 'Ruby', 'HTML', 'Dart', 'HCL', 'Shell', 'Zig', 'R', 'Dockerfile', 'Swift', 'C#', 'Rust', 'Java', 'Clojure', 'Kotlin', 'TypeScript', 'PHP', 'Go']",1667420,3,A powerful coding agent toolkit providing semantic retrieval and editing capabilities (MCP server & other integrations),,12124,832,0,0,0,0,0,0,,0,0,,0,1.0,1.0,0,1.0,1.0,1.0,0.0,0,0.9137931034482761,0.9137931034482758,0.9137931034482758
getzep/graphiti,getzep,graphiti,18103,1635,18103,Build Real-Time Knowledge Graphs for AI Agents,2024-08-08T22:08:30Z,2025-09-14T05:44:26Z,2025-09-15T00:20:53Z,Python,11284,True,False,False,False,True,False,False,False,False,Apache License 2.0,main,136,"['agents', 'graph', 'llms', 'rag']",public,https://help.getzep.com/graphiti,False,30,226,30,2025-09-14T05:44:26Z,"['Python', 'Dockerfile', 'Makefile']",821731,4,Build Real-Time Knowledge Graphs for AI Agents,https://help.getzep.com/graphiti,18019,1618,0,0,0,0,0,0,,0,0,,0,1.0,1.0,0,1.0,0.8749999999999999,0.9999999999999994,1.0,0,0.8965517241379313,0.8965517241379309,0.8965517241379308
11cafe/jaaz,11cafe,jaaz,4501,365,4501,The world's first open-source multimodal creative assistant  This is a substitute for Canva and Manus that prioritizes privacy and is usable locally.,2025-06-01T14:53:08Z,2025-09-12T01:20:26Z,2025-09-15T00:42:58Z,TypeScript,9987,True,True,True,False,True,False,False,False,False,Other,main,36,"['agent', 'ai', 'aiagent', 'aiimage', 'aiimagegenerator', 'aitool', 'aitools', 'canva', 'comfyui', 'flux', 'stable-diffusion']",public,https://jaaz.app,False,11,586,27,2025-08-09T13:58:14Z,"['TypeScript', 'Python', 'JavaScript', 'CSS', 'HTML']",591747,5,The world's first open-source multimodal creative assistant  This is a substitute for Canva and Manus that prioritizes privacy and is usable locally.,https://jaaz.app,4313,354,0,0,0,0,0,0,,0,0,,0,1.0,0.0,0,0.22360248447204925,1.0,0.0,0.0,0,0.7413793103448276,0.6839080459770112,0.6839080459770112
rowboatlabs/rowboat,rowboatlabs,rowboat,3467,317,3467,AI-powered multi-agent builder,2025-01-13T09:30:40Z,2025-09-14T19:14:18Z,2025-09-14T15:01:53Z,TypeScript,74293,True,True,True,True,True,False,False,False,False,Apache License 2.0,main,45,[],public,https://www.rowboatlabs.com,False,5,385,0,,"['TypeScript', 'MDX', 'Python', 'CSS', 'Dockerfile', 'Shell', 'JavaScript']",2193117,6,AI-powered multi-agent builder,https://www.rowboatlabs.com,3466,317,0,0,0,0,0,0,,0,0,,0,0.0,1.0,0,0.7763975155279503,0.8749999999999999,0.9999999999999994,0.0,0,0.7241379310344829,0.7075862068965515,0.7075862068965516
0x4m4/hexstrike-ai,0x4m4,hexstrike-ai,2894,699,2894,"HexStrike AI MCP Agents is an advanced MCP server that lets AI agents (Claude, GPT, Copilot, etc.) autonomously run 150+ cybersecurity tools for automated pentesting, vulnerability discovery, bug bounty automation, and security research. Seamlessly bridge LLMs with real-world offensive security capabilities.",2025-07-10T17:53:18Z,2025-09-09T17:11:44Z,2025-09-15T00:14:44Z,Python,2111,True,True,True,False,True,False,False,False,False,None,master,14,"['0x4m4', 'ai', 'ai-agents', 'ai-cybersecurity', 'ai-hacking', 'ai-penetration-testing', 'ai-security-tool', 'artificial-intelligence', 'ctf-tools', 'generative-ai', 'hexstrike', 'kali-linux', 'kali-tools', 'llm', 'llm-integration', 'mcp', 'mcp-server', 'mcp-tools', 'pentesting', 'pentesting-tools']",public,https://www.hexstrike.com/,False,2,56,0,,['Python'],874400,7,"HexStrike AI MCP Agents is an advanced MCP server that lets AI agents (Claude, GPT, Copilot, etc.) autonomously run 150+ cybersecurity tools for automated pentesting, vulnerability discovery, bug bounty automation, and security research. Seamlessly bridge LLMs with real-world offensive security capabilities.",https://www.hexstrike.com/,2791,675,0,0,0,0,0,0,,0,0,,0,1.0,0.0,0,0.22360248447204925,1.0,0.0,0.0,0,0.7413793103448276,0.6839080459770112,0.6839080459770112
VectifyAI/PageIndex,VectifyAI,PageIndex,2496,191,2496,üìÑüß† PageIndex: Document Index for Reasoning-based RAG,2025-04-01T10:53:54Z,2025-09-03T17:10:33Z,2025-09-15T00:31:32Z,Python,23053,True,True,False,False,True,False,False,False,False,MIT License,main,19,"['ai', 'llm', 'rag', 'reasoning', 'retrieval']",public,https://pageindex.ai,False,3,115,0,,"['Python', 'Jupyter Notebook']",91015,8,üìÑüß† PageIndex: Document Index for Reasoning-based RAG,https://pageindex.ai,2464,190,0,0,0,0,0,0,,0,0,,0,1.0,1.0,0,1.0,0.8749999999999999,0.9999999999999994,0.0,0,0.7241379310344829,0.7241379310344825,0.7241379310344824
Mooncake-Labs/pg_mooncake,Mooncake-Labs,pg_mooncake,1674,46,1674,Real-time analytics on Postgres tables,2024-09-05T04:45:58Z,2025-09-13T01:06:14Z,2025-09-14T21:33:07Z,Rust,631,True,True,False,False,True,False,False,False,False,MIT License,main,12,"['analytics', 'columnstore', 'delta-lake', 'iceberg', 'lakehouse', 'parquet', 'postgresql']",public,https://mooncake.dev/,False,14,82,3,2025-02-12T01:11:04Z,"['Rust', 'Makefile', 'Dockerfile', 'Shell']",29801,9,Real-time analytics on Postgres tables,https://mooncake.dev/,1665,46,0,0,0,0,0,0,,0,0,,0,1.0,1.0,0,1.0,0.49999999999999994,0.9999999999999994,1.0,0,0.5862068965517242,0.5862068965517241,0.5862068965517242
nari-labs/dia,nari-labs,dia,18363,1565,18363,A TTS model capable of generating ultra-realistic dialogue in one pass.,2025-04-19T07:15:57Z,2025-07-06T14:48:04Z,2025-09-15T00:35:03Z,Python,588,True,False,False,False,True,False,False,False,False,Apache License 2.0,main,82,"['ai', 'open-weight', 'text-to-speech']",public,,False,21,29,0,,['Python'],118610,10,A TTS model capable of generating ultra-realistic dialogue in one pass.,https://narilabs.org/,18336,1559,0,0,0,0,0,0,,0,0,,0,1.0,1.0,0,1.0,0.8749999999999999,0.9999999999999994,0.0,0,0.7241379310344829,0.7241379310344825,0.7241379310344824
twentyhq/twenty,twentyhq,twenty,35431,4137,35431,"Building a modern alternative to Salesforce, powered by the community.",2022-12-01T13:04:40Z,2025-09-14T19:18:02Z,2025-09-14T21:31:03Z,TypeScript,403133,True,True,False,False,True,False,False,False,False,Other,main,244,"['crm', 'crm-system', 'customer', 'good-first-issue', 'graphql', 'hacktoberfest', 'javascript', 'marketing', 'monorepo', 'nestjs', 'open-source', 'postgresql', 'react', 'reactjs', 'sales', 'typescript', 'web']",public,https://twenty.com,False,30,1118,29,2025-09-05T15:00:32Z,"['TypeScript', 'MDX', 'JavaScript', 'HCL', 'Shell', 'Dockerfile', 'HTML', 'CSS', 'Makefile']",28299402,11,"Building a modern alternative to Salesforce, powered by the community.",https://twenty.com,35390,4130,0,0,0,0,0,0,,0,0,,0,0.0,0.0,0,0.0,0.7500000000000001,0.0,0.0,0,0.5344827586206897,0.4604597701149424,0.46045977011494243
BoundaryML/baml,BoundaryML,baml,5803,271,5803,The AI framework that adds the engineering to prompt engineering (Python/TS/Ruby/Java/C#/Rust/Go compatible),2023-10-06T18:57:41Z,2025-09-14T17:44:27Z,2025-09-14T22:10:04Z,Rust,286263,True,True,True,False,True,False,False,False,False,Apache License 2.0,canary,247,"['baml', 'boundaryml', 'guardrails', 'llm', 'llm-playground', 'playground', 'prompt', 'prompt-config', 'prompt-templates', 'structured-data', 'structured-generation', 'structured-output', 'vscode']",public,https://docs.boundaryml.com,False,30,831,30,2025-09-13T23:24:13Z,"['Rust', 'TypeScript', 'MDX', 'Python', 'Go', 'HTML', 'Jinja', 'Ruby', 'JavaScript', 'Kotlin', 'Shell', 'Mermaid', 'CSS', 'Nix', 'Dockerfile', 'C', 'Scheme', 'Java', 'Just', 'RenderScript']",6295826,12,The AI framework that adds the engineering to prompt engineering (Python/TS/Ruby/Java/C#/Rust/Go compatible),https://docs.boundaryml.com,5778,270,0,0,0,0,0,0,,0,0,,0,0.0,1.0,0,0.7763975155279503,1.0,0.9999999999999994,0.0,0,0.8275862068965519,0.8110344827586206,0.8110344827586207
stagewise-io/stagewise,stagewise-io,stagewise,6148,367,6148,stagewise is the first frontend coding agent for existing production-grade web apps ü™Ñ  -- Lives inside your browser üíª -- Makes changes in local codebase ü§ì -- Compatible with all kinds of frameworks and setups üí™,2025-04-26T12:43:16Z,2025-09-12T03:07:20Z,2025-09-14T22:30:10Z,TypeScript,31442,True,True,False,False,True,False,False,False,False,GNU Affero General Public License v3.0,main,25,"['code-editor', 'cursor', 'cursor-ai', 'ide', 'vscode', 'vscode-extension', 'windsurf', 'windsurf-extension']",public,https://stagewise.io,False,11,991,30,2025-09-11T21:51:29Z,"['TypeScript', 'MDX', 'JavaScript', 'CSS', 'HTML']",1862219,13,stagewise is the first frontend coding agent for existing production-grade web apps ü™Ñ  -- Lives inside your browser üíª -- Makes changes in local codebase ü§ì -- Compatible with all kinds of frameworks and setups üí™,https://stagewise.io,6138,366,0,0,0,0,0,0,,0,0,,0,1.0,0.0,0,0.22360248447204925,1.0,0.0,0.0,0,0.7413793103448276,0.6839080459770112,0.6839080459770112
M4THYOU/TokenDagger,M4THYOU,TokenDagger,451,10,451,High-Performance Implementation of OpenAI's TikToken.,2025-06-22T18:12:33Z,2025-07-03T15:40:37Z,2025-09-09T16:07:48Z,C++,12126,True,True,True,False,True,False,False,False,False,MIT License,main,4,[],public,,False,1,49,0,,"['C++', 'Python', 'Makefile']",1076527,14,High-Performance Implementation of OpenAI's TikToken.,,451,10,0,0,0,0,0,0,0.0,0,0,0.0,0,1.0,1.0,0,1.0,0.8749999999999999,0.9999999999999994,0.0,0,0.7241379310344829,0.6844986706679748,0.6844986706679748
CopilotKit/CopilotKit,CopilotKit,CopilotKit,22892,3087,22892,"React UI + elegant infrastructure for AI Copilots, AI chatbots, and in-app AI agents. The Agentic last-mile ü™Å",2023-06-19T04:08:31Z,2025-09-13T00:39:45Z,2025-09-14T18:55:00Z,TypeScript,641125,True,True,True,False,True,False,False,False,False,MIT License,main,327,"['agent', 'agents', 'ai', 'ai-agent', 'ai-assistant', 'assistant', 'copilot', 'copilot-chat', 'hacktoberfest', 'langchain', 'langgraph', 'llm', 'nextjs', 'open-source', 'react', 'reactjs', 'ts', 'typescript']",public,https://docs.copilotkit.ai,False,30,941,30,2025-09-08T22:57:44Z,"['TypeScript', 'Python', 'Shell', 'CSS', 'JavaScript', 'Dockerfile']",1564976,15,"React UI + elegant infrastructure for AI Copilots, AI chatbots, and in-app AI agents. The Agentic last-mile ü™Å",https://docs.copilotkit.ai,22858,3081,0,0,0,0,0,0,,0,0,,0,0.0,1.0,0,0.7763975155279503,1.0,0.9999999999999994,0.0,0,0.8275862068965519,0.8110344827586206,0.8110344827586207
onkernel/kernel-images,onkernel,kernel-images,525,27,525,Browsers-as-a-service for automations and web agents,2025-02-27T15:14:18Z,2025-09-12T02:35:10Z,2025-09-13T19:58:37Z,Shell,4508,True,False,False,False,True,False,False,False,False,Apache License 2.0,main,15,"['ai', 'browser', 'container', 'docker', 'infrastructure', 'unikernel', 'vm']",public,https://www.onkernel.com,False,9,11,0,,"['Shell', 'Go', 'TypeScript', 'Vue', 'Makefile', 'C', 'JavaScript', 'Python', 'Dockerfile', 'SCSS', 'M4', 'HTML']",424353,16,Browsers-as-a-service for automations and web agents,https://www.onkernel.com,523,27,0,0,0,0,0,0,0.0,0,0,0.0,0,1.0,1.0,0,1.0,1.0,0.9999999999999994,0.0,0,0.8275862068965519,0.7955156027762917,0.795515602776292
superglue-ai/superglue,superglue-ai,superglue,1905,99,1905,"superglue integrates & orchestrates APIs from natural language. Agents use it to build deterministic workflows across apps, APIs and databases. Humans use it to generate insights, build automations and manage data.",2025-01-10T18:38:47Z,2025-09-13T13:53:25Z,2025-09-13T16:40:50Z,TypeScript,14158,True,False,True,False,True,False,False,False,False,GNU General Public License v3.0,main,10,"['api', 'api-gateway', 'api-orchestration', 'etl', 'etl-automation', 'graphql', 'integrations', 'transformations', 'workflow-automation']",public,https://superglue.ai,False,15,676,0,,"['TypeScript', 'CSS', 'Shell', 'PLpgSQL', 'Dockerfile', 'JavaScript']",1850585,17,"superglue integrates & orchestrates APIs from natural language. Agents use it to build deterministic workflows across apps, APIs and databases. Humans use it to generate insights, build automations and manage data.",https://superglue.ai,1904,99,0,0,0,0,0,0,,0,0,,0,1.0,0.0,0,0.22360248447204925,1.0,1.0,0.0,0,0.8275862068965519,0.7701149425287354,0.7701149425287354
Operative-Sh/web-eval-agent,Operative-Sh,web-eval-agent,1183,98,1183,An MCP server that autonomously evaluates web applications. ,2025-04-01T23:40:56Z,2025-08-25T05:44:31Z,2025-09-12T23:48:45Z,Python,118165,True,True,True,False,True,False,False,False,False,Apache License 2.0,main,10,"['debugging', 'debugging-tool', 'mcp', 'mcp-server', 'modelcontextprotocol', 'playwright', 'qa', 'vibe-coding', 'vibe-testing']",public,https://www.operative.sh/mcp,False,4,103,0,,"['Python', 'HTML', 'JavaScript']",122299,18,An MCP server that autonomously evaluates web applications. ,https://www.operative.sh/mcp,1181,97,0,0,0,0,0,0,,0,0,,0,0.0,1.0,0,0.7763975155279503,0.25,0.9999999999999994,0.0,0,0.20689655172413798,0.1903448275862068,0.19034482758620705
yichuan-w/LEANN,yichuan-w,LEANN,2590,241,2590,"RAG on Everything with LEANN. Enjoy 97% storage savings while running a fast, accurate, and 100% private RAG application on your personal device.",2025-06-09T06:52:59Z,2025-09-14T23:03:52Z,2025-09-14T23:49:43Z,Python,69194,True,True,True,False,True,False,False,False,False,MIT License,main,22,"['ai', 'faiss', 'gpt-oss', 'langchain', 'llama-index', 'llm', 'localstorage', 'offline-first', 'ollama', 'privacy', 'python', 'rag', 'retrieval-augmented-generation', 'vector-database', 'vector-search', 'vectors']",public,,False,8,202,25,2025-09-02T22:57:12Z,"['Python', 'Shell', 'CMake', 'Jupyter Notebook']",579580,19,"RAG on Everything with LEANN. Enjoy 97% storage savings while running a fast, accurate, and 100% private RAG application on your personal device.",,2516,232,0,0,0,0,0,0,,0,0,,0,0.0,1.0,0,0.7763975155279503,1.0,0.9999999999999994,0.0,0,0.8275862068965519,0.8110344827586206,0.8110344827586207
sirius-db/sirius,sirius-db,sirius,436,12,436,,2024-06-19T21:39:19Z,2025-09-12T23:24:10Z,2025-09-12T23:24:14Z,C++,103434,True,True,True,False,True,False,False,False,False,Apache License 2.0,main,25,[],public,https://www.sirius-db.com,False,6,169,0,,"['C++', 'Cuda', 'Python', 'CMake', 'Dockerfile', 'Shell', 'Makefile']",911377,20,,https://www.sirius-db.com,436,11,0,0,0,0,0,0,0.0,0,0,0.0,0,0.0,1.0,0,0.7763975155279503,0.0,0.9999999999999994,0.0,0,0.0,0.0,0.0
agentscope-ai/agentscope,agentscope-ai,agentscope,11401,810,11401,AgentScope: Agent-Oriented Programming for Building LLM Applications,2024-01-12T03:41:59Z,2025-09-14T01:55:15Z,2025-09-15T00:45:04Z,Python,320335,True,True,False,True,True,False,False,False,False,Apache License 2.0,main,42,"['agent', 'chatbot', 'large-language-models', 'llm', 'llm-agent', 'mcp', 'multi-agent', 'multi-modal', 'react-agent']",public,https://doc.agentscope.io/,False,10,14,16,2025-09-06T03:26:10Z,['Python'],989655,21,AgentScope: Agent-Oriented Programming for Building LLM Applications,https://doc.agentscope.io/,11099,764,0,0,0,0,0,0,,0,0,,0,0.0,1.0,0,0.7763975155279503,0.0,0.9999999999999994,0.0,0,0.0,0.0,0.0
agent0ai/agent-zero,agent0ai,agent-zero,11718,2287,11718,Agent Zero AI framework,2024-06-10T09:10:45Z,2025-09-03T19:03:19Z,2025-09-14T13:25:26Z,Python,28496,True,True,False,False,True,False,False,False,False,Other,main,217,"['agent', 'ai', 'assistant', 'autonomous', 'linux', 'zero']",public,https://agent-zero.ai,False,24,531,30,2025-09-03T08:57:25Z,"['Python', 'JavaScript', 'HTML', 'CSS', 'Shell', 'Dockerfile']",872073,22,Agent Zero AI framework,https://agent-zero.ai,11709,2287,0,0,0,0,0,0,,0,0,,0,1.0,0.0,0,0.22360248447204925,1.0,0.0,0.0,0,0.7413793103448276,0.6839080459770112,0.6839080459770112
dyad-sh/dyad,dyad-sh,dyad,14758,1496,14758,"Free, local, open-source AI app builder ‚ú® v0 / lovable / Bolt alternative üåü Star if you like it!",2025-04-11T06:33:48Z,2025-09-12T17:54:01Z,2025-09-15T00:33:40Z,TypeScript,22392,True,True,True,False,True,False,False,False,False,Apache License 2.0,main,201,"['ai-app-builder', 'anthropic', 'artificial-intelligence', 'bolt', 'deepseek', 'gemini', 'generative-ai', 'github', 'llm', 'llms', 'lovable', 'nextjs', 'ollama', 'openai', 'qwen', 'react', 'typescript', 'v0', 'vercel']",public,https://dyad.sh,False,17,556,30,2025-09-11T18:21:47Z,"['TypeScript', 'JavaScript', 'CSS', 'HTML', 'Shell', 'Python', 'Astro']",1848547,23,"Free, local, open-source AI app builder ‚ú® v0 / lovable / Bolt alternative üåü Star if you like it!",https://dyad.sh,14680,1475,0,0,0,0,0,0,,0,0,,0,1.0,1.0,0,1.0,0.8749999999999999,0.9999999999999994,0.0,0,0.7241379310344829,0.7241379310344825,0.7241379310344824
GraphiteEditor/Graphite,GraphiteEditor,Graphite,21113,893,21113,"An open source graphics editor for 2025: comprehensive 2D content creation tool suite for graphic design, digital art, and interactive real-time motion graphics ‚Äî featuring node-based procedural editing",2020-04-26T07:29:29Z,2025-09-14T16:52:35Z,2025-09-15T00:03:01Z,Rust,43542,True,True,False,False,True,False,False,False,False,Apache License 2.0,master,353,"['2d-graphics', 'animation', 'art', 'creative-coding', 'design', 'graphic-design', 'graphics', 'graphics-editor', 'image-generation', 'image-manipulation', 'image-processing', 'motion-design', 'motion-graphics', 'node-graph', 'photo-editor', 'procedural', 'procedural-drawing', 'procedural-generation', 'svg-editor', 'vector-graphics']",public,https://graphite.rs,False,30,827,1,2022-02-04T02:17:50Z,"['Rust', 'Svelte', 'TypeScript', 'SCSS', 'JavaScript', 'HTML', 'Nix', 'WGSL', 'Handlebars', 'Shell']",4457410,24,"An open source graphics editor for 2025: comprehensive 2D content creation tool suite for graphic design, digital art, and interactive real-time motion graphics ‚Äî featuring node-based procedural editing",https://graphite.rs,21086,889,0,0,0,0,0,0,,0,0,,0,1.0,1.0,0,1.0,0.0,0.9999999999999994,1.0,0,0.1724137931034483,0.17241379310344812,0.17241379310344804
livestorejs/livestore,livestorejs,livestore,2970,88,2970,LiveStore is a next-generation state management framework based on reactive SQLite and built-in sync engine.,2023-09-21T14:34:08Z,2025-09-12T07:41:59Z,2025-09-14T20:44:41Z,PLpgSQL,24907,True,True,False,False,True,False,False,False,False,Apache License 2.0,dev,189,"['data-layer', 'local-first', 'signals', 'sqlite', 'state-management', 'sync-engine']",public,https://livestore.dev,False,30,1264,30,2025-09-04T13:59:28Z,"['PLpgSQL', 'TypeScript', 'JavaScript', 'HTML', 'CSS', 'Nix', 'C', 'Shell', 'Makefile']",8107332,25,LiveStore is a next-generation state management framework based on reactive SQLite and built-in sync engine.,https://livestore.dev,2965,88,0,0,0,0,0,0,,0,0,,0,1.0,1.0,0,1.0,1.0,0.9999999999999994,0.0,0,0.8275862068965519,0.8275862068965516,0.8275862068965516
pathwaycom/pathway,pathwaycom,pathway,42727,1298,42727,"Python ETL framework for stream processing, real-time analytics, LLM pipelines, and RAG.",2022-11-27T13:01:14Z,2025-09-14T05:02:02Z,2025-09-14T23:08:49Z,Python,138170,True,False,False,False,True,False,False,False,False,Other,main,48,"['batch-processing', 'data-analytics', 'data-pipelines', 'data-processing', 'dataflow', 'etl', 'etl-framework', 'iot-analytics', 'kafka', 'machine-learning-algorithms', 'pathway', 'python', 'real-time', 'rust', 'stream-processing', 'streaming', 'time-series-analysis']",public,https://pathway.com,False,29,501,30,2025-08-28T07:58:19Z,"['Python', 'Rust', 'Shell']",3757616,26,"Python ETL framework for stream processing, real-time analytics, LLM pipelines, and RAG.",https://pathway.com,42443,1292,0,0,0,0,0,0,,0,0,,0,0.0,0.0,0,0.0,1.0,0.0,1.0,0,1.0,1.0,1.0
onlook-dev/onlook,onlook-dev,onlook,22481,1558,22481,"The Cursor for Designers ‚Ä¢ An Open-Source AI-First Design tool ‚Ä¢ Visually build, style, and edit your React App with AI",2024-06-25T19:16:02Z,2025-09-14T23:47:03Z,2025-09-14T23:51:10Z,TypeScript,81367,True,True,True,False,True,False,False,False,False,Apache License 2.0,main,308,"['ai', 'cursor', 'cursor-ai', 'design', 'design-to-code', 'drizzle', 'editor', 'figma', 'frontend', 'ide', 'low-code', 'nextjs', 'react', 'supabase', 'tailwindcss', 'typescript', 'ui', 'vibe-coding', 'vibecoding']",public,https://onlook.com,False,30,958,30,2025-07-17T18:36:21Z,"['TypeScript', 'CSS', 'PLpgSQL', 'JavaScript', 'Dockerfile', 'Shell']",6302400,27,"The Cursor for Designers ‚Ä¢ An Open-Source AI-First Design tool ‚Ä¢ Visually build, style, and edit your React App with AI",https://onlook.com,22447,1554,0,0,0,0,0,0,,0,0,,0,0.0,1.0,0,0.7763975155279503,1.0,0.9999999999999994,0.0,0,0.8275862068965519,0.8110344827586206,0.8110344827586207
SuperClaude-Org/SuperClaude_Framework,SuperClaude-Org,SuperClaude_Framework,15498,1376,15498,"A configuration framework that enhances Claude Code with specialized commands, cognitive personas, and development methodologies.",2025-06-22T12:03:53Z,2025-09-14T13:30:53Z,2025-09-14T23:58:26Z,Python,2840,True,True,True,False,True,False,False,False,False,MIT License,master,28,[],public,https://superclaude.netlify.app/,False,24,120,2,2025-09-13T12:01:10Z,"['Python', 'JavaScript', 'Shell']",431465,28,"A configuration framework that enhances Claude Code with specialized commands, cognitive personas, and development methodologies.",https://superclaude.netlify.app/,15411,1371,0,0,0,0,0,0,,0,0,,0,1.0,1.0,0,1.0,0.49999999999999994,0.9999999999999994,0.0,0,0.41379310344827597,0.41379310344827563,0.4137931034482758
MiniMax-AI/MiniMax-01,MiniMax-AI,MiniMax-01,3142,289,3142,"The official repo of MiniMax-Text-01 and MiniMax-VL-01, large-language-model & vision-language-model based on Linear Attention",2025-01-14T15:43:28Z,2025-07-07T12:24:30Z,2025-09-14T16:07:26Z,Python,9636,True,True,False,False,True,False,False,False,False,MIT License,main,3,"['large-language-models', 'llm', 'llms', 'minimax-text-01', 'minimax-vl-01', 'vision-language-model', 'vlm']",public,https://www.minimax.io/,False,4,19,0,,['Python'],14062,29,"The official repo of MiniMax-Text-01 and MiniMax-VL-01, large-language-model & vision-language-model based on Linear Attention",https://www.minimax.io/,3139,289,0,0,0,0,0,0,,0,0,,0,1.0,1.0,0,1.0,0.0,0.9999999999999994,0.0,0,0.0,0.0,0.0
windmill-labs/windmill,windmill-labs,windmill,14585,789,14585,"Open-source developer platform to power your entire infra and turn scripts into webhooks, workflows and UIs. Fastest workflow engine (13x vs Airflow). Open-source alternative to Retool and Temporal.",2022-05-05T02:21:17Z,2025-09-15T00:41:01Z,2025-09-14T23:14:10Z,HTML,299346,True,True,False,False,True,False,False,False,False,Other,main,514,"['low-code', 'open-source', 'platform', 'postgresql', 'python', 'self-hostable', 'typescript']",public,https://windmill.dev,False,30,7151,30,2025-09-13T10:20:04Z,"['HTML', 'Svelte', 'Rust', 'TypeScript', 'JavaScript', 'Python', 'CSS', 'PLpgSQL', 'Shell', 'PowerShell', 'Nushell', 'Nix', 'Dockerfile', 'Go', 'C', 'RenderScript']",9298971,30,"Open-source developer platform to power your entire infra and turn scripts into webhooks, workflows and UIs. Fastest workflow engine (13x vs Airflow). Open-source alternative to Retool and Temporal.",https://windmill.dev,14570,786,0,0,0,0,0,0,,0,0,,0,0.0,0.0,0,0.0,1.0,0.0,0.0,0,0.7413793103448276,0.6673563218390802,0.6673563218390803
Skyvern-AI/skyvern,Skyvern-AI,skyvern,14249,1197,14249,Automate browser-based workflows with LLMs and Computer Vision,2024-02-28T15:45:19Z,2025-09-14T02:18:00Z,2025-09-14T16:38:04Z,Python,264393,True,False,False,False,True,False,False,False,False,GNU Affero General Public License v3.0,main,167,"['api', 'automation', 'browser', 'browser-automation', 'computer', 'gpt', 'llm', 'playwright', 'python', 'rpa', 'vision', 'workflow']",public,https://www.skyvern.com,False,30,1430,30,2025-09-10T07:56:34Z,"['Python', 'TypeScript', 'MDX', 'Jinja', 'JavaScript', 'CSS', 'Shell', 'Dockerfile', 'Mako', 'HTML']",3156486,31,Automate browser-based workflows with LLMs and Computer Vision,https://www.skyvern.com,14240,1196,0,0,0,0,0,0,,0,0,,0,0.0,0.0,0,0.0,1.0,0.0,0.0,0,0.7413793103448276,0.6673563218390802,0.6673563218390803
triggerdotdev/trigger.dev,triggerdotdev,trigger.dev,12273,813,12273,Trigger.dev ‚Äì build and deploy fully‚Äëmanaged AI agents and workflows,2022-11-30T14:59:07Z,2025-09-12T21:35:20Z,2025-09-14T23:05:04Z,TypeScript,138340,True,True,False,False,True,False,False,False,False,Apache License 2.0,main,129,"['ai', 'ai-agent-framework', 'ai-agents', 'automation', 'background-jobs', 'mcp', 'mcp-server', 'nextjs', 'orchestration', 'scheduler', 'serverless', 'workflow-automation', 'workflows']",public,https://trigger.dev/changelog,False,30,2385,30,2025-08-29T12:02:20Z,"['TypeScript', 'JavaScript', 'Shell', 'Smarty', 'CSS', 'PLpgSQL', 'Dockerfile', 'Python']",8748364,32,Trigger.dev ‚Äì build and deploy fully‚Äëmanaged AI agents and workflows,https://trigger.dev/changelog,12252,811,0,0,0,0,0,0,,0,0,,0,0.0,1.0,0,0.7763975155279503,1.0,0.9999999999999994,0.0,0,0.8275862068965519,0.8110344827586206,0.8110344827586207
keephq/keep,keephq,keep,10694,1055,10694,The open-source AIOps and alert management platform,2023-02-04T18:43:27Z,2025-09-13T13:54:54Z,2025-09-15T00:30:38Z,Python,84521,True,True,False,False,True,False,False,False,False,Other,main,365,"['aiops', 'alarm', 'alarms', 'alerting', 'alerts', 'monitoring', 'monitoring-tool', 'python', 'python3', 'workflow-automation']",public,https://keephq.dev,False,30,811,30,2025-09-03T20:40:08Z,"['Python', 'TypeScript', 'JavaScript', 'CSS', 'Shell', 'SCSS', 'Mako']",4748557,33,The open-source AIOps and alert management platform,https://keephq.dev,10658,1053,0,0,0,0,0,0,,0,0,,0,0.0,0.0,0,0.0,1.0,0.0,0.0,0,0.7413793103448276,0.6673563218390802,0.6673563218390803
explodinggradients/ragas,explodinggradients,ragas,10712,1071,10712,Supercharge Your LLM Application Evaluations üöÄ,2023-05-08T17:48:04Z,2025-09-13T02:40:07Z,2025-09-14T22:11:26Z,Python,45874,True,False,False,False,True,False,False,False,False,Apache License 2.0,main,423,"['evaluation', 'llm', 'llmops']",public,https://docs.ragas.io,False,30,268,30,2025-09-10T23:57:28Z,"['Python', 'Makefile', 'Jupyter Notebook', 'Dockerfile', 'Shell']",1190531,34,Supercharge Your LLM Application Evaluations üöÄ,https://docs.ragas.io,10681,1070,0,0,0,0,0,0,,0,0,,0,1.0,1.0,0,1.0,0.0,0.9999999999999994,0.0,0,0.0,0.0,0.0
activeloopai/deeplake,activeloopai,deeplake,8815,678,8815,"Database for AI. Store Vectors, Images, Texts, Videos, etc. Use with LLMs/LangChain. Store, query, version, & visualize any AI data. Stream data in real-time to PyTorch/TensorFlow. https://activeloop.ai",2019-08-09T06:17:59Z,2025-09-11T15:43:35Z,2025-09-14T04:29:18Z,Python,68677,True,True,True,False,True,False,False,False,False,Apache License 2.0,main,60,"['ai', 'computer-vision', 'cv', 'data-science', 'datalake', 'datasets', 'deep-learning', 'image-processing', 'langchain', 'large-language-models', 'llm', 'machine-learning', 'ml', 'mlops', 'multi-modal', 'python', 'pytorch', 'tensorflow', 'vector-database', 'vector-search']",public,https://activeloop.ai,False,30,1651,30,2025-09-05T13:50:53Z,['Python'],450163,35,"Database for AI. Store Vectors, Images, Texts, Videos, etc. Use with LLMs/LangChain. Store, query, version, & visualize any AI data. Stream data in real-time to PyTorch/TensorFlow. https://activeloop.ai",https://activeloop.ai,8812,677,0,0,0,0,0,0,,0,0,,0,0.0,1.0,0,0.7763975155279503,1.0,0.9999999999999994,1.0,0,1.0,0.983448275862069,0.9834482758620692
hyperdxio/hyperdx,hyperdxio,hyperdx,8849,307,8849,"Resolve production issues, fast. An open source observability platform unifying session replays, logs, metrics, traces and errors powered by Clickhouse and OpenTelemetry.",2023-09-13T00:46:19Z,2025-09-12T20:44:36Z,2025-09-14T15:59:11Z,TypeScript,18573,True,True,True,False,True,False,False,False,False,MIT License,main,105,"['alerting', 'analytics', 'apm', 'application-monitoring', 'clickhouse', 'dashboard', 'frontend-monitoring', 'kubernetes', 'log-management', 'logs', 'metrics', 'monitoring', 'observability', 'opentelemetry', 'react', 'self-hosted', 'session-replay', 'traces', 'typescript']",public,https://hyperdx.io/,False,30,263,30,2025-09-12T20:44:39Z,"['TypeScript', 'SCSS', 'Shell', 'JavaScript', 'Dockerfile', 'Makefile', 'Go', 'CSS', 'HTML']",2361658,36,"Resolve production issues, fast. An open source observability platform unifying session replays, logs, metrics, traces and errors powered by Clickhouse and OpenTelemetry.",https://hyperdx.io/,8847,307,0,0,0,0,0,0,,0,0,,0,1.0,1.0,0,1.0,1.0,0.9999999999999994,0.0,0,0.8275862068965519,0.8275862068965516,0.8275862068965516
highlight/highlight,highlight,highlight,8669,457,8669,"highlight.io: The open source, full-stack monitoring platform. Error monitoring, session replay, logging, distributed tracing, and more.",2020-08-20T17:55:23Z,2025-09-12T22:16:13Z,2025-09-14T19:10:54Z,TypeScript,618825,True,True,True,False,True,False,False,False,False,Other,main,361,"['apm', 'full-stack', 'golang', 'metrics', 'monitoring', 'observability', 'open-source', 'self-hosted', 'session-replay', 'tracing', 'typescript']",public,https://app.highlight.io,False,30,1538,30,2025-08-08T15:42:36Z,"['TypeScript', 'Go', 'JavaScript', 'Python', 'Java', 'CSS', 'SCSS', 'Ruby', 'HTML', 'C#', 'Rust', 'Dockerfile', 'PHP', 'Shell', 'Elixir', 'Makefile', 'EJS', 'ANTLR', 'MDX', 'Less', 'Scheme', 'ASP.NET']",11207694,37,"highlight.io: The open source, full-stack monitoring platform. Error monitoring, session replay, logging, distributed tracing, and more.",https://app.highlight.io,8656,456,0,0,0,0,0,0,,0,0,,0,0.0,0.0,0,0.0,1.0,0.0,1.0,0,0.9137931034482761,0.8397701149425286,0.8397701149425288
getlago/lago,getlago,lago,8455,441,8455,"Open Source Metering and Usage Based Billing API ‚≠êÔ∏è Consumption tracking, Subscription management, Pricing iterations, Payment orchestration & Revenue analytics",2022-02-28T09:22:45Z,2025-09-12T14:50:57Z,2025-09-14T19:13:44Z,Go,138222,True,False,True,True,True,False,False,False,False,GNU Affero General Public License v3.0,main,18,"['analytics', 'billing', 'clickhouse', 'events', 'fintech', 'go', 'ingestion', 'invoices', 'metering', 'open-source', 'payments', 'pricing', 'pricing-data-science', 'react', 'ruby', 'self-hosted', 'subscriptions', 'usage-based-billing']",public,https://www.getlago.com,False,30,183,30,2025-09-08T14:41:19Z,"['Go', 'Shell', 'Dockerfile', 'Procfile']",138664,38,"Open Source Metering and Usage Based Billing API ‚≠êÔ∏è Consumption tracking, Subscription management, Pricing iterations, Payment orchestration & Revenue analytics",https://www.getlago.com,8446,441,0,0,0,0,0,0,,0,0,,0,0.0,0.0,0,0.0,0.8958333333333335,1.0,0.0,0,0.7413793103448281,0.6673563218390806,0.6673563218390808
paradedb/paradedb,paradedb,paradedb,7751,274,7751,The transactional Elasticsearch alternative built on Postgres,2023-06-30T20:21:47Z,2025-09-14T22:46:53Z,2025-09-14T22:06:21Z,Rust,27535,True,True,False,True,True,False,False,False,False,GNU Affero General Public License v3.0,main,79,"['aggregations', 'analytics', 'bm25', 'database', 'elasticsearch', 'full-text-search', 'htap', 'hybrid-search', 'olap', 'postgresql', 'real-time-analytics', 'similarity-search', 'sparse-vector', 'sql']",public,https://paradedb.com,False,30,688,30,2025-09-10T21:45:09Z,"['Rust', 'PLpgSQL', 'Dockerfile', 'Shell', 'Makefile']",2369956,39,"ParadeDB is a modern Elasticsearch alternative built on Postgres. Built for real-time, update-heavy workloads.",https://paradedb.com,7730,273,0,0,0,0,0,0,,0,0,,0,1.0,0.0,0,0.22360248447204925,1.0,0.0,1.0,0,0.9137931034482761,0.8563218390804597,0.8563218390804597
firezone/firezone,firezone,firezone,7510,333,7510,Enterprise-ready zero-trust access platform built on WireGuard¬Æ.,2020-04-22T04:05:12Z,2025-09-15T00:32:58Z,2025-09-13T21:49:14Z,Elixir,185513,True,True,False,True,True,False,False,False,False,Apache License 2.0,main,466,"['cloud', 'devsecops', 'elixir', 'elixir-lang', 'firewall', 'liveview', 'network', 'network-security', 'networking', 'phoenix', 'privacy', 'rust-lang', 'security', 'self-hosted', 'virtual-network', 'vpn', 'vpn-server', 'wireguard', 'wireguard-ui', 'wireguard-vpn']",public,https://www.firezone.dev,False,30,3486,30,2025-09-10T16:23:50Z,"['Elixir', 'Rust', 'TypeScript', 'Swift', 'Kotlin', 'Shell', 'HTML', 'JavaScript', 'Dockerfile', 'CSS', 'PowerShell', 'Python', 'Nix', 'Makefile', 'Batchfile', 'C', 'Mermaid']",4339557,40,Enterprise-ready zero-trust access platform built on WireGuard¬Æ.,https://www.firezone.dev,7506,334,0,0,0,0,0,0,,0,0,,0,0.0,1.0,0,0.7763975155279503,1.0,0.9999999999999994,0.0,0,0.8275862068965519,0.8110344827586206,0.8110344827586207
growthbook/growthbook,growthbook,growthbook,6854,597,6854,Open Source Feature Flagging and A/B Testing Platform,2021-05-07T23:11:51Z,2025-09-14T00:22:31Z,2025-09-14T10:57:23Z,TypeScript,129154,True,True,True,True,True,False,False,False,False,Other,main,636,"['ab-testing', 'abtest', 'abtesting', 'analytics', 'bigquery', 'clickhouse', 'continuous-delivery', 'data-analysis', 'data-engineering', 'data-science', 'experimentation', 'feature-flagging', 'feature-flags', 'mixpanel', 'redshift', 'remote-config', 'snowflake', 'split-testing', 'statistics']",public,https://www.growthbook.io,False,30,657,30,2025-09-09T02:49:04Z,"['TypeScript', 'Python', 'SCSS', 'JavaScript', 'Jinja', 'Handlebars', 'Dockerfile', 'Smarty', 'CSS', 'Shell']",10663118,41,Open Source Feature Flagging and A/B Testing Platform,https://www.growthbook.io,6847,596,0,0,0,0,0,0,,0,0,,0,0.0,0.0,0,0.0,1.0,0.0,0.0,0,0.7413793103448276,0.6673563218390802,0.6673563218390803
shuttle-hq/shuttle,shuttle-hq,shuttle,6653,277,6653,Build & ship backends without writing any infrastructure files.,2022-02-19T18:37:55Z,2025-09-12T10:43:19Z,2025-09-14T08:56:43Z,Rust,71591,True,False,False,False,True,False,False,False,False,Apache License 2.0,main,73,"['baas', 'deployment', 'devops', 'framework', 'paas', 'rust', 'rust-lang', 'web', 'web-framework']",public,https://shuttle.dev,False,30,401,30,2025-09-11T14:46:56Z,"['Rust', 'Shell', 'PowerShell', 'Dockerfile', 'Jinja']",458497,42,Build & ship backends without writing any infrastructure files.,https://shuttle.dev,6650,277,0,0,0,0,0,0,,0,0,,0,0.0,1.0,0,0.7763975155279503,0.9999999999999998,0.9999999999999994,0.0,0,0.8275862068965515,0.8110344827586206,0.8110344827586207
evidentlyai/evidently,evidentlyai,evidently,6606,723,6606,"Evidently is ‚Äã‚Äãan open-source ML and LLM observability framework. Evaluate, test, and monitor any AI-powered system or data pipeline. From tabular data to Gen AI. 100+ metrics.",2020-11-25T15:20:08Z,2025-09-12T12:09:33Z,2025-09-14T22:17:47Z,Jupyter Notebook,335633,True,True,True,False,True,False,False,False,False,Apache License 2.0,main,224,"['data-drift', 'data-quality', 'data-science', 'data-validation', 'generative-ai', 'hacktoberfest', 'html-report', 'jupyter-notebook', 'llm', 'llmops', 'machine-learning', 'mlops', 'model-monitoring', 'pandas-dataframe']",public,https://discord.gg/xZjKRaNp8b,False,30,602,30,2025-08-28T14:01:00Z,"['Jupyter Notebook', 'Python', 'TypeScript', 'Makefile', 'HTML', 'JavaScript', 'CSS', 'Shell']",11601416,43,"Evidently is ‚Äã‚Äãan open-source ML and LLM observability framework. Evaluate, test, and monitor any AI-powered system or data pipeline. From tabular data to Gen AI. 100+ metrics.",https://discord.gg/xZjKRaNp8b,6600,723,0,0,0,0,0,0,,0,0,,0,0.0,1.0,0,0.7763975155279503,1.0,0.9999999999999994,0.0,0,0.8275862068965519,0.8110344827586206,0.8110344827586207
traceloop/openllmetry,traceloop,openllmetry,6395,798,6395,"Open-source observability for your LLM application, based on OpenTelemetry",2023-09-02T14:42:59Z,2025-09-14T12:19:38Z,2025-09-14T18:42:21Z,Python,42065,True,True,False,False,True,False,False,False,False,Apache License 2.0,main,269,"['artifical-intelligence', 'datascience', 'generative-ai', 'good-first-issue', 'good-first-issues', 'help-wanted', 'llm', 'llmops', 'metrics', 'ml', 'model-monitoring', 'monitoring', 'observability', 'open-source', 'open-telemetry', 'opentelemetry', 'opentelemetry-python', 'python']",public,https://www.traceloop.com/openllmetry,False,30,394,30,2025-09-14T12:05:02Z,"['Python', 'Shell']",2967366,44,"Open-source observability for your LLM application, based on OpenTelemetry",https://www.traceloop.com/openllmetry,6389,798,0,0,0,0,0,0,,0,0,,0,1.0,1.0,0,1.0,0.8749999999999999,0.9999999999999994,0.0,0,0.7241379310344829,0.7241379310344825,0.7241379310344824
superagent-ai/superagent,superagent-ai,superagent,6123,937,6123,The worlds first purpose-built firewall for AI,2023-05-10T18:50:39Z,2025-09-14T06:34:49Z,2025-09-14T23:04:57Z,Rust,68297,True,True,True,False,True,False,False,False,False,Other,main,4,"['ai', 'anthropic', 'llm', 'openai', 'proxy']",public,https://superagent.sh,False,1,57,30,2025-09-14T06:34:24Z,"['Rust', 'JavaScript', 'Shell', 'Python']",77103,45,The worlds first purpose-built firewall for AI,https://superagent.sh,6118,937,0,0,0,0,0,0,,0,0,,0,0.0,0.0,0,0.0,0.8749999999999999,0.0,0.0,0,0.6379310344827588,0.5639080459770115,0.5639080459770116
authzed/spicedb,authzed,spicedb,6021,342,6021,"Open Source, Google Zanzibar-inspired database for scalably storing and querying fine-grained authorization data",2021-08-16T15:32:09Z,2025-09-12T20:38:12Z,2025-09-14T16:26:51Z,Go,21453,True,False,False,False,True,False,False,False,False,Apache License 2.0,main,116,"['abac', 'acl', 'authorization', 'ciam', 'cloud-native', 'database', 'distributed-systems', 'entitlements', 'fga', 'fine-grained-access-control', 'fine-grained-authorization', 'kubernetes', 'permissions', 'rbac', 'rebac', 'security', 'security-tools', 'zanzibar']",public,https://authzed.com/docs,False,30,2049,30,2025-08-25T09:22:24Z,"['Go', 'JavaScript', 'HTML', 'Dockerfile', 'Shell']",5726958,46,"Open Source, Google Zanzibar-inspired database for scalably storing and querying fine-grained authorization data",https://authzed.com/docs,6017,341,0,0,0,0,0,0,,0,0,,0,1.0,1.0,0,1.0,1.0,0.9999999999999994,1.0,0,1.0,1.0,1.0
hatchet-dev/hatchet,hatchet-dev,hatchet,6020,264,6020,ü™ì Run Background Tasks at Scale,2023-12-15T17:50:29Z,2025-09-14T19:26:28Z,2025-09-14T10:14:54Z,Python,101805,True,True,False,False,True,False,False,False,False,MIT License,main,31,"['concurrency', 'dag', 'distributed', 'distributed-systems', 'durable-execution', 'event-driven', 'fastapi', 'golang', 'nodejs', 'python', 'queue', 'typescript', 'workflow-engine']",public,https://hatchet.run,False,30,563,30,2025-08-14T20:22:42Z,"['Python', 'Go', 'TypeScript', 'MDX', 'PLpgSQL', 'Ruby', 'JavaScript', 'Shell', 'CSS', 'Dockerfile', 'HTML']",4958325,47,ü™ì Run Background Tasks at Scale,https://hatchet.run,6019,262,0,0,0,0,0,0,,0,0,,0,0.0,1.0,0,0.7763975155279503,1.0,0.9999999999999994,1.0,0,1.0,0.983448275862069,0.9834482758620692
NangoHQ/nango,NangoHQ,nango,5858,544,5858,A single API for all your integrations.,2020-04-09T09:31:24Z,2025-09-13T21:42:02Z,2025-09-14T21:05:58Z,TypeScript,147384,True,False,True,False,True,False,False,False,False,Other,master,20,"['access-token', 'api', 'api-client', 'api-integration', 'api-integrations', 'integrations', 'oauth', 'oauth1', 'oauth2', 'product-integration', 'refresh-token', 'unified-api']",public,https://www.nango.dev,False,30,1027,30,2025-09-10T20:42:15Z,"['TypeScript', 'MDX', 'JavaScript', 'HTML', 'CSS', 'Dockerfile', 'Shell', 'EJS']",4900993,48,A single API for all your integrations.,https://www.nango.dev,5848,543,0,0,0,0,0,0,,0,0,,0,0.0,0.0,0,0.0,0.5625,1.0,0.0,0,0.4655172413793105,0.391494252873563,0.39149425287356315
lightdash/lightdash,lightdash,lightdash,5099,615,5099,Self-serve BI to 10x your data team ‚ö°Ô∏è,2021-03-19T09:44:40Z,2025-09-12T16:50:02Z,2025-09-14T22:04:08Z,TypeScript,186890,True,True,False,False,True,False,False,False,False,Other,main,1544,"['business-intelligence', 'data-analytics', 'data-visualization', 'dbt']",public,https://lightdash.com,False,30,4317,30,2025-09-12T15:58:17Z,"['TypeScript', 'HTML', 'JavaScript', 'CSS', 'Shell', 'Nix', 'MDX']",16267119,49,Self-serve BI to 10x your data team ‚ö°Ô∏è,https://lightdash.com,5090,611,0,0,0,0,0,0,,0,0,,0,0.0,0.0,0,0.0,0.49999999999999994,0.0,0.0,0,0.3275862068965517,0.25356321839080426,0.25356321839080415
ArroyoSystems/arroyo,ArroyoSystems,arroyo,4521,304,4521,Distributed stream processing engine in Rust,2023-03-31T17:41:56Z,2025-09-08T22:09:10Z,2025-09-14T20:14:56Z,Rust,15986,True,True,False,False,True,False,False,False,False,Apache License 2.0,master,86,"['data', 'data-stream-processing', 'dev-tools', 'infrastructure', 'kafka', 'rust', 'sql', 'stream-processing', 'stream-processing-engine']",public,https://arroyo.dev,False,30,394,27,2025-06-23T22:52:11Z,"['Rust', 'TypeScript', 'CSS', 'Dockerfile', 'Smarty', 'HTML', 'Shell', 'Python', 'RenderScript']",2418591,50,Distributed stream processing engine in Rust,https://arroyo.dev,4515,303,0,0,0,0,0,0,,0,0,,0,1.0,1.0,0,1.0,1.0,0.9999999999999994,1.0,0,1.0,1.0,1.0
Helicone/helicone,Helicone,helicone,4494,433,4494,"üßä Open source LLM observability platform. One line of code to monitor, evaluate, and experiment. YC W23 üçì",2023-01-31T22:34:44Z,2025-09-15T00:06:15Z,2025-09-14T19:24:06Z,TypeScript,746334,True,True,True,False,True,False,False,False,False,Apache License 2.0,main,61,"['agent-monitoring', 'analytics', 'evaluation', 'gpt', 'langchain', 'large-language-models', 'llama-index', 'llm', 'llm-cost', 'llm-evaluation', 'llm-observability', 'llmops', 'monitoring', 'open-source', 'openai', 'playground', 'prompt-engineering', 'prompt-management', 'ycombinator']",public,https://www.helicone.ai,False,30,2080,4,2025-08-21T18:47:38Z,"['TypeScript', 'MDX', 'Python', 'PLpgSQL', 'Shell', 'HCL', 'JavaScript', 'CSS', 'Dockerfile']",16182659,51,"üßä Open source LLM observability platform. One line of code to monitor, evaluate, and experiment. YC W23 üçì",https://www.helicone.ai,4488,433,0,0,0,0,0,0,,0,0,,0,0.0,1.0,0,0.7763975155279503,1.0,0.9999999999999994,0.0,0,0.8275862068965519,0.8110344827586206,0.8110344827586207
rivet-gg/engine,rivet-gg,engine,4371,113,4371,Scale and orchestrate RivetKit,2023-06-16T11:51:15Z,2025-09-14T22:58:54Z,2025-09-14T03:44:02Z,Rust,188723,True,False,False,False,True,False,False,False,False,Apache License 2.0,main,39,"['actor', 'actors', 'bevy', 'cloudflare', 'cloudflare-durable-objects', 'deno', 'durable-objects', 'foundationdb', 'game-development', 'godot', 'multiplayer', 'partykit', 'realtime', 'rust', 'serverless', 'unreal-engine']",public,https://rivet.gg,False,16,2241,30,2025-09-02T11:13:29Z,"['Rust', 'TypeScript', 'MDX', 'JavaScript', 'CSS', 'Dockerfile', 'Shell', 'HTML', 'PowerShell']",2075155,52,Scale and orchestrate RivetKit,https://rivet.gg,4366,113,0,0,0,0,0,0,,0,0,,0,0.0,1.0,0,0.7763975155279503,1.0,0.9999999999999994,0.0,0,0.8275862068965519,0.8110344827586206,0.8110344827586207
defog-ai/sqlcoder,defog-ai,sqlcoder,3884,262,3884,SoTA LLM for converting natural language questions to SQL queries,2023-08-17T21:19:32Z,2024-05-23T03:06:26Z,2025-09-12T19:22:14Z,Jupyter Notebook,1462,True,True,True,False,True,False,False,False,False,Apache License 2.0,main,0,[],public,,False,5,83,0,,"['Jupyter Notebook', 'HTML', 'Python', 'JavaScript']",172627,53,SoTA LLM for converting natural language questions to SQL queries,,3883,262,0,0,0,0,0,0,,0,0,,0,1.0,1.0,0,1.0,0.0,0.9999999999999994,0.0,0,0.0,0.0,0.0
requestly/requestly,requestly,requestly,3982,335,3982,Free and open-source API Client & Interceptor.,2016-12-01T04:36:06Z,2025-09-12T21:21:33Z,2025-09-14T19:02:41Z,TypeScript,264914,True,True,True,False,True,False,False,False,False,Other,master,207,"['api', 'api-client', 'api-mock', 'api-rest', 'api-testing', 'bruno', 'charles-proxy', 'chrome-extension', 'fiddler', 'firefox-extension', 'hacktoberfest', 'http-interceptor', 'insomnia', 'mock-server', 'mockapi', 'open-source', 'postman', 'postman-api', 'postman-collection', 'postman-environment']",public,https://requestly.com,False,30,570,26,2025-09-08T08:20:12Z,"['TypeScript', 'JavaScript', 'SCSS', 'CSS', 'HTML', 'Shell', 'Less', 'Dockerfile']",4051309,54,Free and open-source API Client & Interceptor.,https://requestly.com,3976,335,0,0,0,0,0,0,,0,0,,0,0.0,0.0,0,0.0,0.5625,1.0,0.0,0,0.4655172413793105,0.391494252873563,0.39149425287356315
vocodedev/vocode-core,vocodedev,vocode-core,3444,623,3444,ü§ñ Build voice-based LLM agents. Modular + open source.,2023-02-24T18:44:46Z,2024-11-15T22:16:58Z,2025-09-14T20:41:43Z,Python,19499,True,True,True,False,True,False,False,False,False,MIT License,main,15,[],public,https://vocode.dev,False,30,492,7,2024-08-07T18:37:10Z,"['Python', 'Jupyter Notebook', 'Dockerfile', 'Makefile', 'Shell']",768818,55,ü§ñ Build voice-based LLM agents. Modular + open source.,https://vocode.dev,3440,622,0,0,0,0,0,0,,0,0,,0,1.0,1.0,0,1.0,0.0,0.9999999999999994,0.0,0,0.0,0.0,0.0
fern-api/fern,fern-api,fern,3311,244,3311,Input OpenAPI. Output SDKs and Docs.,2022-04-01T17:56:54Z,2025-09-15T00:30:44Z,2025-09-14T23:33:31Z,TypeScript,2791277,True,False,False,False,True,False,False,False,False,Apache License 2.0,main,322,"['api', 'docs-as-code', 'docs-generator', 'openapi', 'sdk-generator']",public,https://buildwithfern.com,False,30,2710,30,2025-09-14T22:53:31Z,"['TypeScript', 'Python', 'Java', 'MDX', 'Go', 'C#', 'PHP', 'JavaScript', 'Rust', 'Swift', 'Ruby', 'Shell', 'Dockerfile', 'CSS', 'PowerShell', 'Makefile', 'HTML']",12787071,56,Input OpenAPI. Output SDKs and Docs.,https://buildwithfern.com,3308,244,0,0,0,0,0,0,,0,0,,0,0.0,1.0,0,0.7763975155279503,0.37499999999999994,1.0,0.0,0,0.3965517241379311,0.3799999999999998,0.38
OpenPipe/OpenPipe,OpenPipe,OpenPipe,2731,160,2731,Turn expensive prompts into cheap fine-tuned models,2023-06-20T00:55:24Z,2024-05-25T00:18:13Z,2025-09-14T13:49:40Z,TypeScript,12211,True,True,False,False,True,False,False,False,False,Apache License 2.0,main,6,"['ai', 'llm', 'llmops', 'prompt-engineering']",public,https://openpipe.ai,False,12,610,0,,"['TypeScript', 'Python', 'JavaScript', 'PLpgSQL', 'Shell', 'Dockerfile']",1349220,57,Turn expensive prompts into cheap fine-tuned models,https://openpipe.ai,2730,160,0,0,0,0,0,0,,0,0,,0,1.0,1.0,0,1.0,1.0,0.9999999999999994,0.0,0,0.8275862068965519,0.8275862068965516,0.8275862068965516
questdb/questdb,questdb,questdb,16088,1472,16088,"QuestDB is a high performance, open-source, time-series database",2014-04-28T23:29:15Z,2025-09-15T00:00:43Z,2025-09-14T19:16:36Z,Java,947342,True,True,False,False,True,False,False,False,False,Apache License 2.0,master,764,"['capital-markets', 'cpp', 'database', 'financial-analysis', 'grafana', 'java', 'kdb', 'low-latency', 'market-data', 'olap', 'parquet', 'postgresql', 'questdb', 'real-time-analytics', 'simd', 'sql', 'tick-data', 'time-series', 'time-series-database', 'tsdb']",public,https://questdb.com,False,30,2941,30,2025-08-29T18:32:12Z,"['Java', 'C++', 'Rust', 'C', 'Assembly', 'Python', 'JavaScript', 'CMake', 'Shell', 'Go', 'C#', 'PHP', 'HTML', 'Dockerfile', 'R', 'Makefile', 'DTrace', 'RenderScript']",44974872,58,"QuestDB is a high performance, open-source, time-series database",https://questdb.com,16082,1472,0,0,0,0,0,0,,0,0,,0,0.0,1.0,0,0.7763975155279503,0.9305555555555556,0.9999999999999994,1.0,0,0.9425287356321841,0.9259770114942528,0.925977011494253
langfuse/langfuse,langfuse,langfuse,16104,1503,16104,"ü™¢ Open source LLM engineering platform: LLM Observability, metrics, evals, prompt management, playground, datasets. Integrates with OpenTelemetry, Langchain, OpenAI SDK, LiteLLM, and more. üçäYC W23 ",2023-05-18T17:47:09Z,2025-09-14T16:30:37Z,2025-09-14T21:57:31Z,TypeScript,44057,True,False,False,False,True,False,False,False,False,Other,main,348,"['analytics', 'autogen', 'evaluation', 'langchain', 'large-language-models', 'llama-index', 'llm', 'llm-evaluation', 'llm-observability', 'llmops', 'monitoring', 'observability', 'open-source', 'openai', 'playground', 'prompt-engineering', 'prompt-management', 'self-hosted', 'ycombinator']",public,https://langfuse.com/docs,False,30,1540,30,2025-09-11T12:13:29Z,"['TypeScript', 'JavaScript', 'Shell', 'Dockerfile', 'CSS', 'PLpgSQL']",8404384,59,"ü™¢ Open source LLM engineering platform: LLM Observability, metrics, evals, prompt management, playground, datasets. Integrates with OpenTelemetry, Langchain, OpenAI SDK, LiteLLM, and more. üçäYC W23 ",https://langfuse.com/docs,16053,1497,0,0,0,0,0,0,,0,0,,0,1.0,0.0,0,0.22360248447204925,1.0,1.0,0.0,0,0.8275862068965519,0.7701149425287354,0.7701149425287354
supertokens/supertokens-core,supertokens,supertokens-core,14512,610,14512,Open source alternative to Auth0 / Firebase Auth / AWS Cognito ,2020-01-05T13:30:52Z,2025-09-03T15:51:43Z,2025-09-14T19:12:47Z,Java,64751,True,True,True,False,True,False,False,False,False,Other,master,142,"['auth0', 'authentication', 'aws-cognito', 'email-password', 'email-password-login', 'firebase-auth', 'hacktoberfest', 'java', 'keycloak', 'login', 'oauth', 'password', 'passwordless', 'passwordless-authentication', 'passwordless-login', 'session-management', 'signin', 'social-login', 'supertokens']",public,https://supertokens.com,False,29,619,30,2025-07-30T09:21:09Z,"['Java', 'JavaScript', 'TypeScript', 'Shell', 'CSS', 'Dockerfile', 'HTML', 'Batchfile']",8291282,60,Open source alternative to Auth0 / Firebase Auth / AWS Cognito ,https://supertokens.com,14498,609,0,0,0,0,0,0,,0,0,,0,0.0,0.0,0,0.0,0.8749999999999999,0.0,0.0,0,0.6379310344827588,0.5639080459770115,0.5639080459770116
Eventual-Inc/Daft,Eventual-Inc,Daft,4395,298,4395,Distributed query engine providing simple and reliable data processing for any modality and scale,2022-04-25T22:02:29Z,2025-09-12T19:40:54Z,2025-09-14T22:10:01Z,Rust,42909,True,True,True,True,True,False,False,False,False,Apache License 2.0,main,379,"['artificial-intelligence', 'big-data', 'data-engineering', 'distributed-computing', 'machine-learning', 'multimodal', 'python', 'rust']",public,https://daft.ai,False,30,796,30,2025-09-10T17:37:15Z,"['Rust', 'Python', 'Jupyter Notebook', 'TypeScript', 'Shell', 'Makefile', 'Dockerfile', 'CSS', 'JavaScript']",10236477,61,Distributed query engine providing simple and reliable data processing for any modality and scale,https://daft.ai,4337,296,0,0,0,0,0,0,,0,0,,0,1.0,1.0,0,1.0,1.0,0.9999999999999994,1.0,0,1.0,1.0,1.0
bytebot-ai/bytebot,bytebot-ai,bytebot,6980,768,6980,"Bytebot is a self-hosted AI desktop agent that automates computer tasks through natural language commands, operating within a containerized Linux desktop environment.",2025-02-03T18:18:50Z,2025-09-12T19:35:46Z,2025-09-14T23:56:35Z,TypeScript,19011,True,True,True,False,True,False,False,False,False,Apache License 2.0,main,22,"['agent', 'agentic-ai', 'agents', 'ai', 'ai-agents', 'ai-tools', 'anthropic', 'automation', 'bytebot', 'computer-use', 'computer-use-agent', 'cua', 'desktop', 'desktop-automation', 'docker', 'gemini', 'llm', 'mcp', 'openai']",public,https://www.bytebot.ai/,False,10,389,0,,"['TypeScript', 'Dockerfile', 'CSS', 'Smarty', 'PLpgSQL', 'Scheme', 'JavaScript']",501377,62,"Bytebot is a self-hosted AI desktop agent that automates computer tasks through natural language commands, operating within a containerized Linux desktop environment.",https://www.bytebot.ai/,6728,733,0,0,0,0,0,0,,0,0,,0,1.0,1.0,0,1.0,1.0,0.9999999999999994,0.0,0,0.8275862068965519,0.8275862068965516,0.8275862068965516
kestra-io/kestra,kestra-io,kestra,21149,1813,21149,":zap: Universal Workflow Orchestration Platform ‚Äî Code in any language, run anywhere. 900+ plugins for data, infrastructure, and AI automation.",2019-08-24T13:56:15Z,2025-09-14T10:35:28Z,2025-09-14T22:30:26Z,Java,73982,True,False,False,False,False,False,False,False,False,Apache License 2.0,develop,451,"['automation', 'data-orchestration', 'devops', 'hacktoberfest', 'high-availability', 'infrastructure-as-code', 'java', 'low-code', 'lowcode', 'orchestration', 'pipeline', 'pipeline-as-code', 'workflow']",public,https://kestra.io,False,30,1778,30,2025-09-09T10:05:57Z,"['Java', 'Vue', 'TypeScript', 'JavaScript', 'SCSS', 'Shell', 'PLpgSQL', 'Makefile', 'Python', 'Dockerfile', 'Batchfile', 'CSS', 'HTML']",6122677,63,":zap: Universal Workflow Orchestration Platform ‚Äî Code in any language, run anywhere. 900+ plugins for data, infrastructure, and AI automation.",https://kestra.io,21129,1809,0,0,0,0,0,0,,0,0,,0,0.0,1.0,0,0.7763975155279503,1.0,1.0,0.0,0,0.9137931034482761,0.8972413793103448,0.897241379310345
emcie-co/parlant,emcie-co,parlant,12005,963,12005,LLM agents built for control. Designed for real-world use. Deployed in minutes.,2024-02-15T20:16:15Z,2025-09-14T15:12:36Z,2025-09-15T00:40:00Z,Python,72092,True,False,False,True,True,False,False,False,False,Apache License 2.0,develop,42,"['ai-agents', 'ai-alignment', 'customer-service', 'customer-success', 'gemini', 'genai', 'hacktoberfest', 'llama3', 'llm', 'openai', 'python']",public,https://www.parlant.io,False,19,1617,25,2025-08-27T14:24:52Z,"['Python', 'Gherkin', 'TypeScript', 'CSS', 'JavaScript', 'Shell', 'SCSS', 'Dockerfile', 'HTML']",4053630,64,LLM agents built for control. Designed for real-world use. Deployed in minutes.,https://www.parlant.io,11778,943,0,0,0,0,0,0,,0,0,,0,0.0,1.0,0,0.7763975155279503,0.8749999999999999,0.9999999999999994,0.0,0,0.7241379310344829,0.7075862068965515,0.7075862068965516
documenso/documenso,documenso,documenso,11597,1962,11597,The Open Source DocuSign Alternative.,2023-03-12T16:28:56Z,2025-09-15T00:14:05Z,2025-09-14T19:16:40Z,TypeScript,192102,True,True,False,False,True,False,False,False,False,GNU Affero General Public License v3.0,main,165,"['digital-signature', 'document-signing', 'docusign-alternative', 'e-signature', 'esign', 'esignature', 'next-auth', 'nextjs', 'open-source', 'pades-standard', 'pdf', 'pdf-sign', 'pdf-signature', 'postgresql', 'prisma', 'self-hosted', 'signing', 'typescript']",public,https://documenso.com,False,30,992,27,2025-07-03T00:10:35Z,"['TypeScript', 'JavaScript', 'Shell', 'CSS', 'PLpgSQL', 'Dockerfile']",7122815,65,The Open Source DocuSign Alternative.,https://documenso.com,11589,1960,0,0,0,0,0,0,,0,0,,0,0.0,0.0,0,0.0,0.0,0.0,0.0,0,0.0,0.0,0.0
makeplane/plane,makeplane,plane,38734,2692,38734,"üî• üî• üî• Open Source JIRA, Linear, Monday, and Asana Alternative. Plane helps you track your issues, epics, and cycles the easiest way on the planet.",2022-11-19T12:55:01Z,2025-09-14T19:16:05Z,2025-09-14T23:31:54Z,TypeScript,173922,True,False,True,False,True,False,False,False,False,GNU Affero General Public License v3.0,preview,528,"['django', 'docker', 'issue-tracker', 'jira', 'jira-alternative', 'kanban', 'linear', 'nextjs', 'postgresql', 'product-management', 'project-management', 'python', 'react', 'redis', 'rest-api', 'typescript', 'work-management']",public,http://plane.so,False,30,1075,30,2025-09-10T09:31:21Z,"['TypeScript', 'Python', 'HTML', 'JavaScript', 'CSS', 'Shell', 'Dockerfile', 'Nix']",7977858,66,"üî• üî• üî• Open Source JIRA, Linear, Monday, and Asana Alternative. Plane helps you track your issues, epics, and cycles the easiest way on the planet.",http://plane.so,38697,2687,0,0,0,0,0,0,,0,0,,0,0.0,0.0,0,0.0,0.37499999999999994,0.0,0.0,0,0.22413793103448282,0.1501149425287355,0.15011494252873542
formbricks/formbricks,formbricks,formbricks,11257,1991,11257,Open Source Qualtrics Alternative,2022-06-06T04:25:21Z,2025-09-12T17:20:39Z,2025-09-15T00:49:10Z,TypeScript,265844,True,False,False,True,True,False,False,False,False,Other,main,204,"['experience-management', 'form', 'forms', 'nextjs', 'open-source', 'react', 'reactjs', 'survey', 'survey-analysis', 'survey-data', 'survey-form', 'surveys', 'tailwindcss', 'turborepo', 'typeform', 'typescript', 'xm']",public,https://formbricks.com,False,30,1259,30,2025-09-02T18:15:37Z,"['TypeScript', 'HCL', 'JavaScript', 'Shell', 'CSS', 'MDX', 'PLpgSQL', 'Smarty', 'Dockerfile', 'Nix', 'HTML']",11673541,67,Open Source Qualtrics Alternative,https://formbricks.com,11241,1990,0,0,0,0,0,0,,0,0,,0,0.0,0.0,0,0.0,0.8749999999999999,0.0,0.0,0,0.6379310344827588,0.5639080459770115,0.5639080459770116
erxes/erxes,erxes,erxes,3682,1166,3682,Source available experience management infrastructure. Pioneering the future of experiences with XOS (Experience Operating System). Hubspot + Qualtrics alternative,2016-11-11T06:54:50Z,2025-09-14T04:08:34Z,2025-09-13T19:55:33Z,TypeScript,196473,True,False,False,True,True,False,False,False,False,Other,master,479,"['customer-experience', 'employee-experience', 'experience-management', 'experience-operating-system', 'front-alternative', 'hubspot-alternative', 'intercom-alternative', 'medallia-alternative', 'qualtrics-alternative', 'zendesk-alternative']",public,https://erxes.io,False,30,2640,30,2025-09-12T01:26:34Z,"['TypeScript', 'JavaScript', 'CSS', 'HTML', 'SCSS', 'Shell', 'Go', 'Dockerfile', 'Python', 'Pug', 'EJS', 'Procfile']",29556222,68,Source available experience management infrastructure. Pioneering the future of experiences with XOS (Experience Operating System). Hubspot + Qualtrics alternative,https://erxes.io,3681,1166,0,0,0,0,0,0,,0,0,,0,0.0,0.0,0,0.0,1.0,0.0,0.0,0,0.7413793103448276,0.6673563218390802,0.6673563218390803
novuhq/novu,novuhq,novu,37799,4116,37799,"The open-source notification Inbox infrastructure. E-mail, SMS, Push and Slack Integrations.",2021-08-26T15:22:44Z,2025-09-14T18:15:27Z,2025-09-15T00:15:15Z,TypeScript,244443,True,False,False,False,True,False,False,False,False,Other,next,143,"['alternative', 'communication', 'email', 'hacktoberfest', 'inbox', 'javascript', 'nodejs', 'notification-center', 'notifications', 'novu', 'push-notifications', 'react', 'reactjs', 'sms', 'transactional', 'typescript']",public,https://novu.co,False,30,4315,30,2025-09-03T12:12:56Z,"['TypeScript', 'JavaScript', 'Python', 'CSS', 'Dockerfile', 'Handlebars', 'Shell', 'HTML', 'MDX', 'EJS']",20114088,69,"The open-source notification Inbox infrastructure. E-mail, SMS, Push and Slack Integrations.",https://novu.co,37755,4110,0,0,0,0,0,0,,0,0,,0,0.0,0.0,0,0.0,1.0,1.0,0.0,0,0.8275862068965519,0.7535632183908044,0.7535632183908045
knadh/listmonk,knadh,listmonk,17809,1746,17809,"High performance, self-hosted, newsletter and mailing list manager with a modern dashboard. Single binary app.",2019-06-26T05:08:39Z,2025-09-13T11:40:40Z,2025-09-15T00:41:26Z,Go,44814,True,True,False,True,True,False,False,False,False,GNU Affero General Public License v3.0,master,98,"['campaign', 'campaign-management', 'email-marketing', 'email-subscription', 'listmonk', 'mailing-list', 'newsletter', 'newsletter-management', 'newsletter-software', 'self-hosted', 'sms-gateway', 'smtp', 'transactional-emails']",public,https://listmonk.app,False,30,1309,30,2025-09-09T17:58:16Z,"['Go', 'Vue', 'JavaScript', 'TypeScript', 'HTML', 'SCSS', 'Smarty', 'Makefile', 'CSS', 'Shell', 'Python', 'Dockerfile']",517601,70,"High performance, self-hosted, newsletter and mailing list manager with a modern dashboard. Single binary app.",https://listmonk.app,17782,1740,0,0,0,0,0,0,,0,0,,0,1.0,0.0,0,0.22360248447204925,0.8749999999999999,0.0,0.0,0,0.6379310344827588,0.5804597701149424,0.5804597701149424
paperless-ngx/paperless-ngx,paperless-ngx,paperless-ngx,32019,1961,32019,"A community-supported supercharged document management system: scan, index and archive all your documents",2022-02-12T21:56:52Z,2025-09-14T23:30:33Z,2025-09-15T00:21:38Z,Python,165439,True,False,True,True,True,False,False,False,False,GNU General Public License v3.0,dev,8,"['angular', 'archiving', 'django', 'dms', 'document-management', 'document-management-system', 'machine-learning', 'ocr', 'optical-character-recognition', 'pdf']",public,http://docs.paperless-ngx.com/,False,30,3190,30,2025-09-07T23:57:32Z,"['Python', 'TypeScript', 'HTML', 'SCSS', 'Dockerfile', 'Shell', 'CSS', 'JavaScript']",2575493,71,"A community-supported supercharged document management system: scan, index and archive all your documents",http://docs.paperless-ngx.com/,31942,1952,0,0,0,0,0,0,,0,0,,0,0.0,0.0,0,0.0,1.0,0.0,0.0,0,0.7413793103448276,0.6673563218390802,0.6673563218390803
OpenBB-finance/OpenBB,OpenBB-finance,OpenBB,52234,4961,52234,"Financial data platform for analysts, quants and AI agents.",2020-12-20T10:46:38Z,2025-09-10T07:00:10Z,2025-09-15T00:42:57Z,Python,2363326,True,True,False,True,True,False,False,False,False,Other,develop,50,"['ai', 'crypto', 'derivatives', 'economics', 'equity', 'finance', 'fixed-income', 'machine-learning', 'openbb', 'options', 'python', 'quantitative-finance', 'stocks']",public,https://openbb.co,False,30,1035,30,2025-07-22T17:08:27Z,['Python'],6334645,72,"Financial data platform for analysts, quants and AI agents.",https://openbb.co,52175,4954,0,0,0,0,0,0,,0,0,,0,0.0,0.0,0,0.0,1.0,0.0,0.0,0,0.7413793103448276,0.6673563218390802,0.6673563218390803
rowyio/rowy,rowyio,rowy,6730,540,6730,"Low-code backend platform. Manage database on spreadsheet-like UI and build cloud functions workflows in JS/TS, all in your browser.",2019-09-05T08:07:18Z,2024-11-23T19:46:34Z,2025-09-14T16:06:51Z,TypeScript,22437,True,False,False,False,True,False,False,False,False,Other,main,72,"['airtable', 'airtable-alternative', 'backend', 'cloud-functions', 'cloudfunctions', 'cms', 'cms-backend', 'firebase', 'firestore', 'gcp', 'google-cloud', 'internal-tools', 'low-code', 'lowcode', 'no-code', 'nocode', 'react', 'spreadsheet', 'typescript']",public,http://rowy.io,False,30,1730,19,2023-10-27T15:21:32Z,"['TypeScript', 'JavaScript', 'HTML', 'CSS']",1819411,73,"Low-code backend platform. Manage database on spreadsheet-like UI and build cloud functions workflows in JS/TS, all in your browser.",http://rowy.io,6729,539,0,0,0,0,0,0,,0,0,,0,1.0,0.0,0,0.22360248447204925,1.0,0.0,0.0,0,0.7413793103448276,0.6839080459770112,0.6839080459770112
Infisical/infisical,Infisical,infisical,20070,1351,20070,"Infisical is the open-source platform for secrets management, PKI, and SSH access.",2022-08-05T13:50:00Z,2025-09-15T00:14:16Z,2025-09-14T21:22:03Z,TypeScript,1128683,True,True,True,False,True,False,False,False,False,Other,main,482,"['acme', 'certificate-management', 'cli', 'environment-variables', 'go', 'golang', 'node-js', 'open-source', 'pki', 'postgres', 'private-ca', 'secret-management', 'secret-manager', 'secret-scanning', 'secrets', 'secrets-management', 'security', 'security-tools', 'typescript', 'vault']",public,https://infisical.com,False,30,3062,30,2025-09-15T00:14:22Z,"['TypeScript', 'Go', 'JavaScript', 'Shell', 'MDX', 'Makefile', 'CSS', 'Smarty', 'HTML', 'Dockerfile', 'Nix']",17500121,74,"Infisical is the open-source platform for secrets management, PKI, and SSH access.",https://infisical.com,20053,1349,0,0,0,0,0,0,,0,0,,0,0.0,0.0,0,0.0,0.7500000000000001,0.0,0.0,0,0.5344827586206897,0.4604597701149424,0.46045977011494243
teableio/teable,teableio,teable,19497,1022,19497,‚ú® The Next Gen Airtable Alternative: No-Code Postgres,2022-11-01T07:02:49Z,2025-09-14T13:05:22Z,2025-09-14T19:00:04Z,TypeScript,36851,True,True,True,False,True,False,False,False,False,Other,develop,134,"['airtable', 'airtable-alternative', 'app-builder', 'database', 'internal-tool', 'low-code', 'no-code', 'nocode', 'postgres', 'postgresql', 'realtime', 'spreadsheet', 'sqlite']",public,https://teable.ai,False,30,607,17,2025-08-13T13:20:02Z,"['TypeScript', 'JavaScript', 'CSS', 'ANTLR', 'PLpgSQL', 'Makefile', 'Handlebars', 'Shell', 'Dockerfile', 'MDX', 'HCL']",8324905,75,‚ú® The Next Gen Airtable Alternative: No-Code Postgres,https://teable.ai,19482,1021,0,0,0,0,0,0,,0,0,,0,1.0,0.0,0,0.22360248447204925,1.0,0.0,0.0,0,0.7413793103448276,0.6839080459770112,0.6839080459770112
logto-io/logto,logto-io,logto,10761,617,10761,"üßë‚ÄçüöÄ Authentication and authorization infrastructure for SaaS and AI apps, built on OIDC and OAuth 2.1 with multi-tenancy, SSO, and RBAC.",2021-06-19T03:01:50Z,2025-09-13T02:58:02Z,2025-09-14T19:12:55Z,TypeScript,101236,True,False,False,False,True,False,False,False,False,Mozilla Public License 2.0,master,189,"['authentication', 'authorization', 'email', 'identity', 'jwt', 'login', 'logto', 'mfa', 'oauth2', 'openid-connect', 'password', 'passwordless', 'rbac', 'saml', 'signup', 'sms', 'social-login', 'sso', 'totp', 'typescript']",public,https://logto.io,False,30,2114,30,2025-08-29T08:55:14Z,"['TypeScript', 'SCSS', 'JavaScript', 'HTML', 'PLpgSQL', 'MDX', 'Shell', 'Dockerfile', 'CSS']",13380260,76,"üßë‚ÄçüöÄ Authentication and authorization infrastructure for SaaS and AI apps, built on OIDC and OAuth 2.1 with multi-tenancy, SSO, and RBAC.",https://logto.io,10748,615,0,0,0,0,0,0,,0,0,,0,0.0,0.0,0,0.0,1.0,0.0,0.0,0,0.7413793103448276,0.6673563218390802,0.6673563218390803
Unleash/unleash,Unleash,unleash,12613,792,12613,Open-source feature management platform,2014-09-29T12:50:46Z,2025-09-14T00:42:13Z,2025-09-14T19:15:10Z,TypeScript,291595,True,True,True,False,True,False,False,False,False,Apache License 2.0,main,59,"['activation-strategies', 'collaboration', 'continuous-delivery', 'continuous-deployment', 'devops', 'devtool', 'experiments', 'feature', 'feature-flags', 'feature-toggle', 'feature-toggles', 'feature-toggling', 'hacktoberfest', 'integration', 'platform-engineering', 'sdk', 'toggles', 'unleash', 'variants']",public,https://www.getunleash.io,False,30,1768,30,2025-09-03T12:11:46Z,"['TypeScript', 'MDX', 'JavaScript', 'Mustache', 'CSS', 'SCSS', 'Makefile', 'Shell', 'HTML', 'Dockerfile']",12010241,77,Open-source feature management platform,https://www.getunleash.io,12608,792,0,0,0,0,0,0,,0,0,,0,0.0,1.0,0,0.7763975155279503,0.9999999999999998,0.9999999999999994,0.0,0,0.8275862068965515,0.8110344827586206,0.8110344827586207
appsmithorg/appsmith,appsmithorg,appsmith,37959,4230,37959,"Platform to build admin panels, internal tools, and dashboards. Integrates with 25+ databases and any API.",2020-06-30T04:07:36Z,2025-09-12T08:26:59Z,2025-09-14T23:04:21Z,TypeScript,792321,True,True,True,False,True,False,False,False,False,Apache License 2.0,release,4385,"['admin-dashboard', 'admin-panels', 'app-builder', 'automation', 'crud', 'custom-internal', 'developer-tools', 'gui', 'gui-application', 'hacktoberfest', 'internal-tools', 'java', 'javascript', 'low-code', 'low-code-framework', 'react', 'self-hosted', 'typescript', 'webdevelopment', 'workflows']",public,https://www.appsmith.com,False,30,2012,30,2025-08-13T07:29:03Z,"['TypeScript', 'Java', 'JavaScript', 'CSS', 'Shell', 'HTML', 'MDX', 'Dockerfile', 'Handlebars', 'Smarty', 'Python', 'HCL', 'Procfile']",24610332,78,"Platform to build admin panels, internal tools, and dashboards. Integrates with 25+ databases and any API.",https://www.appsmith.com,37945,4228,0,0,0,0,0,0,,0,0,,0,0.0,1.0,0,0.7763975155279503,0.887820512820513,1.0,0.0,0,0.820954907161804,0.8044031830238725,0.8044031830238724
ToolJet/ToolJet,ToolJet,ToolJet,36459,4744,36459,"ToolJet is the open-source foundation of ToolJet AI - the AI-native platform for building internal tools, dashboard, business applications, workflows and AI agents üöÄ",2021-03-30T08:51:34Z,2025-09-14T12:43:52Z,2025-09-14T23:33:36Z,JavaScript,1445307,True,True,False,False,True,False,False,False,False,GNU Affero General Public License v3.0,develop,906,"['ai-app-builder', 'docker', 'hacktoberfest', 'internal-applications', 'internal-project', 'internal-tool', 'internal-tools', 'javascript', 'kubernetes', 'low-code', 'low-code-development-platform', 'low-code-framework', 'no-code', 'nodejs', 'reactjs', 'self-hosted', 'typescript', 'web-development-tools', 'workflow-automation']",public,https://tooljet.ai,False,30,1241,30,2025-09-12T12:28:46Z,"['JavaScript', 'TypeScript', 'SCSS', 'Dockerfile', 'Shell', 'Handlebars', 'HTML', 'HCL', 'EJS', 'CSS', 'MDX', 'Batchfile']",10941821,79,"ToolJet is the open-source foundation of ToolJet AI - the AI-native platform for building internal tools, dashboard, business applications, workflows and AI agents üöÄ",https://tooljet.ai,36445,4742,0,0,0,0,0,0,,0,0,,0,0.0,0.0,0,0.0,1.0,0.0,0.0,0,0.7413793103448276,0.6673563218390802,0.6673563218390803
fonoster/fonoster,fonoster,fonoster,6999,416,6999,üöÄ The open-source alternative to Twilio.,2018-02-04T02:58:54Z,2025-09-13T13:41:00Z,2025-09-14T19:16:04Z,TypeScript,211576,True,False,True,True,True,False,False,False,False,MIT License,main,9,"['cloud', 'cloud-communications-platform', 'cpaas', 'customer-engagement', 'customer-experience', 'javascript', 'kubernetes', 'nodejs', 'programmable-voice', 'telephony', 'twilio', 'typescript', 'ucaas', 'voip', 'webrtc']",public,https://fonoster.com,False,30,4735,0,,"['TypeScript', 'JavaScript', 'CSS', 'HTML', 'Dockerfile', 'Shell', 'Handlebars', 'PLpgSQL', 'Batchfile']",2931900,80,üöÄ The open-source alternative to Twilio.,https://fonoster.com,6997,417,0,0,0,0,0,0,,0,0,,0,0.0,1.0,0,0.7763975155279503,0.9166666666666664,0.9999999999999994,0.0,0,0.7586206896551725,0.7420689655172412,0.7420689655172414
jitsucom/jitsu,jitsucom,jitsu,4400,315,4400,"Jitsu is an open-source Segment alternative. Fully-scriptable data ingestion engine for modern data teams. Set-up a real-time data pipeline in minutes, not days",2020-08-04T14:57:55Z,2025-09-12T06:36:19Z,2025-09-14T19:13:14Z,TypeScript,44526,True,True,False,False,True,False,False,False,False,MIT License,newjitsu,18,"['bigquery', 'clickhouse', 'data-collection', 'data-connectors', 'data-integration', 'golang', 'postgres', 'redshift', 'snowflake']",public,https://jitsu.com,False,20,1073,30,2025-08-14T12:06:33Z,"['TypeScript', 'JavaScript', 'CSS', 'Shell', 'HTML', 'Dockerfile']",4260631,81,"Jitsu is an open-source Segment alternative. Fully-scriptable data ingestion engine for modern data teams. Set-up a real-time data pipeline in minutes, not days",https://jitsu.com,4398,315,0,0,0,0,0,0,,0,0,,0,1.0,1.0,0,1.0,1.0,0.9999999999999994,1.0,0,1.0,1.0,1.0
Avaiga/taipy,Avaiga,taipy,18626,1927,18626,Turns Data and AI algorithms into production-ready web applications in no time.,2022-02-18T15:55:45Z,2025-09-13T17:06:12Z,2025-09-14T18:16:41Z,Python,158452,True,True,True,False,True,False,False,False,False,Apache License 2.0,develop,178,"['automation', 'data-engineering', 'data-integration', 'data-ops', 'data-visualization', 'datascience', 'developer-tools', 'hacktoberfest', 'hacktoberfest2023', 'job-scheduler', 'mlops', 'orchestration', 'pipeline', 'pipelines', 'python', 'scenario', 'scenario-analysis', 'taipy-core', 'taipy-gui', 'workflow']",public,https://www.taipy.io,False,30,1548,30,2025-06-13T13:10:38Z,"['Python', 'TypeScript', 'CSS', 'JavaScript', 'Jupyter Notebook', 'HTML', 'Jinja', 'Shell', 'Dockerfile']",4518757,82,Turns Data and AI algorithms into production-ready web applications in no time.,https://www.taipy.io,18618,1926,0,0,0,0,0,0,,0,0,,0,0.0,1.0,0,0.7763975155279503,1.0,0.9999999999999994,0.0,0,0.8275862068965519,0.8110344827586206,0.8110344827586207
mudler/LocalAI,mudler,LocalAI,35252,2763,35252,":robot: The free, Open Source alternative to OpenAI, Claude and others. Self-hosted and local-first. Drop-in replacement for OpenAI,  running on consumer-grade hardware. No GPU required. Runs gguf, transformers, diffusers and many more models architectures. Features: Generate Text, Audio, Video, Images, Voice Cloning, Distributed, P2P inference",2023-03-18T22:58:02Z,2025-09-14T21:19:41Z,2025-09-15T00:45:41Z,Go,27001,True,True,True,False,True,False,False,False,False,MIT License,master,354,"['ai', 'api', 'audio-generation', 'distributed', 'gemma', 'gpt4all', 'image-generation', 'kubernetes', 'libp2p', 'llama', 'llama3', 'llm', 'mamba', 'mistral', 'musicgen', 'rerank', 'rwkv', 'stable-diffusion', 'text-generation', 'tts']",public,https://localai.io,False,30,2537,30,2025-09-03T20:23:15Z,"['Go', 'HTML', 'Python', 'JavaScript', 'Shell', 'C++', 'Makefile', 'Dockerfile', 'CSS', 'CMake', 'C']",4848868,83,":robot: The free, Open Source alternative to OpenAI, Claude and others. Self-hosted and local-first. Drop-in replacement for OpenAI,  running on consumer-grade hardware. No GPU required. Runs gguf, transformers, diffusers and many more models architectures. Features: Generate Text, Audio, Video, Images, Voice Cloning, Distributed, P2P inference",https://localai.io,35178,2759,0,0,0,0,0,0,,0,0,,0,1.0,1.0,0,1.0,1.0,0.9999999999999994,1.0,0,1.0,1.0,1.0
chroma-core/chroma,chroma-core,chroma,23298,1824,23298,Open-source search and retrieval database for AI applications.,2022-10-05T17:58:44Z,2025-09-14T00:14:19Z,2025-09-14T21:08:28Z,Rust,851819,True,True,True,True,True,False,False,False,False,Apache License 2.0,main,462,"['ai', 'database', 'document-retrieval', 'embeddings', 'llm', 'llms', 'rag', 'rust', 'rust-lang', 'vector-database']",public,https://www.trychroma.com/,False,30,499,30,2025-04-01T23:29:39Z,"['Rust', 'Python', 'TypeScript', 'Go', 'Jupyter Notebook', 'JavaScript', 'Shell', 'HCL', 'Dockerfile', 'Starlark', 'Makefile', 'PowerShell']",5288544,84,Open-source search and retrieval database for AI applications.,https://www.trychroma.com/,23247,1822,0,0,0,0,0,0,,0,0,,0,0.0,1.0,0,0.7763975155279503,1.0,0.9999999999999994,0.0,0,0.8275862068965519,0.8110344827586206,0.8110344827586207
weaviate/weaviate,weaviate,weaviate,14571,1078,14571,"Weaviate is an open-source vector database that stores both objects and vectors, allowing for the combination of vector search with structured filtering with the fault tolerance and scalability of a cloud-native database‚Äã.",2016-03-30T15:03:17Z,2025-09-14T22:09:53Z,2025-09-14T23:04:35Z,Go,1024167,True,True,True,False,True,False,False,False,False,"BSD 3-Clause ""New"" or ""Revised"" License",main,525,"['approximate-nearest-neighbor-search', 'generative-search', 'grpc', 'hnsw', 'hybrid-search', 'image-search', 'information-retrieval', 'mlops', 'nearest-neighbor-search', 'neural-search', 'recommender-system', 'search-engine', 'semantic-search', 'semantic-search-engine', 'similarity-search', 'vector-database', 'vector-search', 'vector-search-engine', 'vectors', 'weaviate']",public,https://weaviate.io/developers/weaviate/,False,30,3760,30,2025-09-12T18:18:39Z,"['Go', 'Assembly', 'Python', 'Shell', 'C', 'Makefile', 'Jinja', 'Dockerfile', 'Smarty', 'JavaScript', 'HCL']",18513108,85,"Weaviate is an open-source vector database that stores both objects and vectors, allowing for the combination of vector search with structured filtering with the fault tolerance and scalability of a cloud-native database‚Äã.",https://weaviate.io/developers/weaviate/,14550,1076,0,0,0,0,0,0,,0,0,,0,0.0,1.0,0,0.7763975155279503,1.0,0.9999999999999994,0.0,0,0.8275862068965519,0.8110344827586206,0.8110344827586207
qdrant/qdrant,qdrant,qdrant,25959,1812,25959,"Qdrant - High-performance, massive-scale Vector Database and Vector Search Engine for the next generation of AI. Also available in the cloud https://cloud.qdrant.io/",2020-05-30T21:37:01Z,2025-09-12T16:40:11Z,2025-09-15T00:07:38Z,Rust,37575,True,True,False,True,True,False,False,False,False,Apache License 2.0,master,410,"['ai-search', 'ai-search-engine', 'embeddings-similarity', 'hnsw', 'image-search', 'knn-algorithm', 'machine-learning', 'mlops', 'nearest-neighbor-search', 'neural-network', 'neural-search', 'recommender-system', 'search', 'search-engine', 'search-engines', 'similarity-search', 'vector-database', 'vector-search', 'vector-search-engine']",public,https://qdrant.tech,False,30,1190,30,2025-08-27T11:24:04Z,"['Rust', 'Python', 'Shell', 'C', 'Nix', 'Dockerfile', 'JavaScript', 'Mermaid']",9232532,86,"Qdrant - High-performance, massive-scale Vector Database and Vector Search Engine for the next generation of AI. Also available in the cloud https://cloud.qdrant.io/",https://qdrant.tech,25875,1809,0,0,0,0,0,0,,0,0,,0,1.0,1.0,0,1.0,1.0,0.9999999999999994,0.0,0,0.8275862068965519,0.8275862068965516,0.8275862068965516
milvus-io/milvus,milvus-io,milvus,37331,3410,37331,"Milvus is a high-performance, cloud-native vector database built for scalable vector ANN search",2019-09-16T06:43:43Z,2025-09-14T00:05:58Z,2025-09-15T00:48:30Z,Go,245947,True,True,True,False,True,False,False,False,False,Apache License 2.0,master,728,"['anns', 'cloud-native', 'diskann', 'distributed', 'embedding-database', 'embedding-similarity', 'embedding-store', 'faiss', 'golang', 'hnsw', 'image-search', 'llm', 'nearest-neighbor-search', 'rag', 'vector-database', 'vector-search', 'vector-similarity', 'vector-store']",public,https://milvus.io,False,30,1516,30,2025-09-01T06:05:31Z,"['Go', 'Python', 'C++', 'Shell', 'Groovy', 'C', 'CMake', 'Dockerfile', 'Makefile', 'HTML', 'ANTLR', 'Batchfile', 'Assembly']",21543420,87,"Milvus is a high-performance, cloud-native vector database built for scalable vector ANN search",https://milvus.io,37128,3391,0,0,0,0,0,0,,0,0,,0,0.0,1.0,0,0.7763975155279503,1.0,0.9999999999999994,1.0,0,1.0,0.983448275862069,0.9834482758620692
marqo-ai/marqo,marqo-ai,marqo,4939,214,4939,Unified embedding generation and search engine. Also available on cloud - cloud.marqo.ai,2022-08-01T12:12:51Z,2025-09-15T00:21:37Z,2025-09-13T03:26:46Z,Python,84208,True,True,False,False,True,False,False,False,False,Apache License 2.0,mainline,160,"['chatgpt', 'clip', 'deep-learning', 'gpt', 'hacktoberfest', 'hnsw', 'information-retrieval', 'knn', 'large-language-models', 'machine-learning', 'machinelearning', 'multi-modal', 'natural-language-processing', 'search-engine', 'semantic-search', 'tensor-search', 'transformers', 'vector-search', 'vision-language', 'visual-search']",public,https://www.marqo.ai/,False,30,360,30,2025-09-09T06:25:27Z,"['Python', 'Java', 'Jinja', 'Shell', 'Dockerfile', 'Lua']",6593121,88,Unified embedding generation and search engine. Also available on cloud - cloud.marqo.ai,https://www.marqo.ai/,4938,214,0,0,0,0,0,0,,0,0,,0,0.0,1.0,0,0.7763975155279503,1.0,0.9999999999999994,0.0,0,0.8275862068965519,0.8110344827586206,0.8110344827586207
typesense/typesense,typesense,typesense,24324,807,24324,"Open Source alternative to Algolia + Pinecone and an Easier-to-Use alternative to ElasticSearch ‚ö° üîç ‚ú® Fast, typo tolerant, in-memory fuzzy Search Engine for building delightful search experiences",2017-01-18T08:01:47Z,2025-09-12T12:09:06Z,2025-09-14T22:49:17Z,C++,12825,True,True,False,False,True,False,False,False,False,GNU General Public License v3.0,v30,706,"['algolia', 'datastore', 'elasticsearch', 'enterprise-search', 'faceting', 'full-text-search', 'fuzzy-search', 'geosearch', 'in-memory', 'instantsearch', 'merchandising', 'pinecone', 'search', 'search-engine', 'semantic-search', 'similarity-search', 'site-search', 'synonyms', 'typo-tolerance', 'vector-search']",public,https://typesense.org,False,30,2618,30,2025-06-30T03:52:33Z,"['C++', 'C', 'TypeScript', 'CMake', 'Dockerfile', 'Starlark', 'Shell', 'JavaScript']",8634570,89,"Open Source alternative to Algolia + Pinecone and an Easier-to-Use alternative to ElasticSearch ‚ö° üîç ‚ú® Fast, typo tolerant, in-memory fuzzy Search Engine for building delightful search experiences",https://typesense.org,24317,807,0,0,0,0,0,0,,0,0,,0,1.0,0.0,0,0.22360248447204925,1.0,0.0,0.0,0,0.7413793103448276,0.6839080459770112,0.6839080459770112
zincsearch/zincsearch,zincsearch,zincsearch,17542,759,17542,"ZincSearch . A lightweight alternative to elasticsearch that requires minimal resources, written in Go.",2021-12-02T12:49:41Z,2025-05-19T08:14:08Z,2025-09-15T00:30:20Z,Go,11667,True,True,True,False,True,False,False,False,False,Other,main,45,"['elasticsearch', 'go', 'golang', 'modern', 'opensearch', 'search', 'searchengine', 'vuejs']",public,https://zincsearch-docs.zinc.dev,False,30,220,30,2024-01-14T09:56:46Z,"['Go', 'Vue', 'TypeScript', 'Shell', 'Dockerfile', 'JavaScript', 'Smarty', 'PowerShell', 'HTML', 'SCSS', 'Sass']",2480743,90,"ZincSearch . A lightweight alternative to elasticsearch that requires minimal resources, written in Go.",https://zincsearch-docs.zinc.dev,17539,759,0,0,0,0,0,0,,0,0,,0,1.0,0.0,0,0.22360248447204925,0.6249999999999999,0.0,0.0,0,0.43103448275862083,0.3735632183908043,0.37356321839080453
quickwit-oss/quickwit,quickwit-oss,quickwit,10404,485,10404,"Cloud-native search engine for observability. An open-source alternative to Datadog, Elasticsearch, Loki, and Tempo.",2021-04-13T22:45:40Z,2025-09-13T08:15:13Z,2025-09-14T10:27:51Z,Rust,56299,True,True,True,False,True,False,False,False,False,Apache License 2.0,main,701,"['big-data', 'cloud-native', 'cloud-storage', 'distributed-tracing', 'log-management', 'logs', 'open-source', 'rust', 'search-engine', 'tantivy']",public,https://quickwit.io,False,30,782,25,2024-06-17T17:20:56Z,"['Rust', 'HTML', 'TypeScript', 'HCL', 'Shell', 'JavaScript', 'Python', 'Dockerfile', 'Makefile', 'PLpgSQL', 'Handlebars', 'CSS']",7887305,91,"Cloud-native search engine for observability. An open-source alternative to Datadog, Elasticsearch, Loki, and Tempo.",https://quickwit.io,10402,485,0,0,0,0,0,0,,0,0,,0,0.0,1.0,0,0.7763975155279503,1.0,0.9999999999999994,1.0,0,1.0,0.983448275862069,0.9834482758620692
openobserve/openobserve,openobserve,openobserve,16582,650,16582,"üöÄ 10x easier, üöÄ 140x lower storage cost, üöÄ high performance,  üöÄ petabyte scale - Elasticsearch/Splunk/Datadog alternative for üöÄ (logs, metrics, traces, RUM, Error tracking, Session replay).",2023-02-02T03:29:51Z,2025-09-14T18:39:13Z,2025-09-14T18:55:47Z,Rust,83537,True,True,True,False,True,False,False,False,False,GNU Affero General Public License v3.0,main,699,"['analytics', 'apm', 'datadog', 'elasticsearch', 'grafana', 'jaeger', 'kibana', 'log-analytics', 'log-management', 'log-search', 'logs', 'metrics', 'monitoring', 'observability', 'openobserve', 'opentelemetry', 'prometheus', 'rust-lang', 'splunk', 'traces']",public,https://openobserve.ai,False,30,969,30,2025-09-04T10:37:23Z,"['Rust', 'TypeScript', 'Vue', 'JavaScript', 'Python', 'SCSS', 'Shell', 'CSS', 'Dockerfile', 'Sass', 'HTML', 'Makefile']",9230797,92,"üöÄ 10x easier, üöÄ 140x lower storage cost, üöÄ high performance,  üöÄ petabyte scale - Elasticsearch/Splunk/Datadog alternative for üöÄ (logs, metrics, traces, RUM, Error tracking, Session replay).",https://openobserve.ai,16557,650,0,0,0,0,0,0,,0,0,,0,0.0,0.0,0,0.0,1.0,0.0,0.0,0,0.7413793103448276,0.6673563218390802,0.6673563218390803
grafana/loki,grafana,loki,26429,3786,26429,"Like Prometheus, but for logs.",2018-04-16T09:22:48Z,2025-09-12T19:45:51Z,2025-09-14T21:57:25Z,Go,419008,True,True,True,False,True,False,False,False,False,GNU Affero General Public License v3.0,main,2152,"['cloudnative', 'grafana', 'hacktoberfest', 'logging', 'loki', 'prometheus']",public,https://grafana.com/loki,False,30,1408,30,2025-09-11T09:37:34Z,"['Go', 'TypeScript', 'Jsonnet', 'Smarty', 'Makefile', 'Ruby', 'Shell', 'Yacc', 'HCL', 'Dockerfile', 'JavaScript', 'Python', 'HTML', 'Nix', 'CSS', 'SCSS', 'Ragel', 'Open Policy Agent']",16001011,93,"Like Prometheus, but for logs.",https://grafana.com/loki,26413,3782,0,0,0,0,0,0,,0,0,,0,0.0,0.0,0,0.0,0.49999999999999994,0.0,0.0,0,0.3275862068965517,0.25356321839080426,0.25356321839080415
VictoriaMetrics/VictoriaMetrics,VictoriaMetrics,VictoriaMetrics,15011,1459,15011,"VictoriaMetrics: fast, cost-effective monitoring solution and time series database",2018-09-30T09:58:01Z,2025-09-13T11:32:01Z,2025-09-15T00:25:04Z,Go,307805,True,True,False,True,True,False,False,False,False,Apache License 2.0,master,793,"['database', 'grafana', 'graphite', 'influxdb', 'kubernetes', 'monitoring', 'observability', 'opentelemetry', 'opentsdb', 'prometheus', 'promql', 'thanos', 'tsdb']",public,https://victoriametrics.com/,False,30,6724,30,2025-09-12T15:33:49Z,"['Go', 'TypeScript', 'SCSS', 'Makefile', 'Shell', 'HTML', 'Dockerfile', 'JavaScript', 'HCL', 'CSS', 'Smarty', 'Perl']",6625929,94,"VictoriaMetrics: fast, cost-effective monitoring solution and time series database",https://victoriametrics.com/,14986,1456,0,0,0,0,0,0,,0,0,,0,0.0,1.0,0,0.7763975155279503,0.49999999999999994,0.9999999999999994,0.0,0,0.41379310344827597,0.39724137931034464,0.39724137931034453
cortexproject/cortex,cortexproject,cortex,5671,831,5671,"A horizontally scalable, highly available, multi-tenant, long term Prometheus.",2016-09-09T11:23:12Z,2025-09-10T13:15:01Z,2025-09-12T07:50:45Z,Go,309345,True,True,False,True,True,False,False,False,False,Apache License 2.0,master,258,"['cncf', 'hacktoberfest', 'kubernetes', 'monitoring', 'prometheus']",public,https://cortexmetrics.io/,False,30,1003,30,2025-02-27T16:02:10Z,"['Go', 'Makefile', 'Shell', 'HTML', 'Dockerfile', 'SCSS', 'PLpgSQL']",7632562,95,"A horizontally scalable, highly available, multi-tenant, long term Prometheus.",https://cortexmetrics.io/,5671,831,0,0,0,0,0,0,,0,0,,0,0.0,1.0,0,0.7763975155279503,0.8749999999999999,0.9999999999999994,0.0,0,0.7241379310344829,0.7075862068965515,0.7075862068965516
thanos-io/thanos,thanos-io,thanos,13701,2203,13701,Highly available Prometheus setup with long term storage capabilities. A CNCF Incubating project.,2017-11-01T17:38:03Z,2025-09-12T07:21:03Z,2025-09-14T18:32:02Z,Go,232626,True,True,False,False,True,False,False,False,False,Apache License 2.0,main,802,"['cncf', 'go', 'google-cloud-storage', 'hacktoberfest', 'high-availability', 'metrics', 'monitoring', 'observability', 'prometheus', 'prometheus-ha-pairs', 'prometheus-setup', 's3', 'storage', 'thanos']",public,https://thanos.io,False,30,613,30,2025-07-21T06:51:58Z,"['Go', 'TypeScript', 'Jsonnet', 'Makefile', 'HTML', 'Shell', 'SCSS', 'CSS', ""Cap'n Proto"", 'Dockerfile', 'jq', 'JavaScript']",4838898,96,Highly available Prometheus setup with long term storage capabilities. A CNCF Incubating project.,https://thanos.io,13695,2203,0,0,0,0,0,0,,0,0,,0,0.0,1.0,0,0.7763975155279503,1.0,0.9999999999999994,0.0,0,0.8275862068965519,0.8110344827586206,0.8110344827586207
m3db/m3,m3db,m3,4848,465,4848,"M3 monorepo - Distributed TSDB, Aggregator and Query Engine, Prometheus Sidecar, Graphite Compatible, Metrics Platform",2016-06-14T20:29:45Z,2025-09-14T07:01:10Z,2025-09-14T11:56:53Z,Go,106549,True,True,True,False,True,False,False,False,False,Apache License 2.0,master,234,"['aggregator', 'graphite', 'kubernetes', 'm3', 'metrics', 'prometheus', 'query-engine', 'tsdb']",public,https://m3db.io/,False,30,570,30,2022-04-07T21:38:08Z,"['Go', 'Shell', 'HTML', 'Makefile', 'JavaScript', 'TLA', 'Thrift', 'Dockerfile', 'HCL', 'Jsonnet', 'CSS', 'Assembly']",19827794,97,"M3 monorepo - Distributed TSDB, Aggregator and Query Engine, Prometheus Sidecar, Graphite Compatible, Metrics Platform",https://m3db.io/,4847,464,0,0,0,0,0,0,,0,0,,0,0.0,1.0,0,0.7763975155279503,1.0,0.9999999999999994,1.0,0,1.0,0.983448275862069,0.9834482758620692
skypilot-org/skypilot,skypilot-org,skypilot,8715,775,8715,"Run, manage, and scale AI workloads on any AI infrastructure. Use one system to access & manage all AI compute (Kubernetes, 17+ clouds, or on-prem).",2021-08-11T23:32:15Z,2025-09-15T00:11:06Z,2025-09-14T22:27:53Z,Python,177413,True,False,False,True,True,False,False,False,False,Apache License 2.0,master,472,"['cloud-computing', 'cloud-management', 'cost-management', 'cost-optimization', 'data-science', 'deep-learning', 'distributed-training', 'finops', 'gpu', 'hyperparameter-tuning', 'job-queue', 'job-scheduler', 'llm-serving', 'llm-training', 'machine-learning', 'ml-infrastructure', 'ml-platform', 'multicloud', 'spot-instances', 'tpu']",public,https://docs.skypilot.co/,False,30,871,25,2025-09-10T02:16:12Z,"['Python', 'JavaScript', 'Jinja', 'Shell', 'HTML', 'Go', 'HCL', 'CSS', 'Smarty', 'Dockerfile', 'Makefile', 'Mako']",8782858,98,"Run, manage, and scale AI workloads on any AI infrastructure. Use one system to access & manage all AI compute (Kubernetes, 17+ clouds, or on-prem).",https://docs.skypilot.co/en/latest/docs/index.html,8697,771,0,0,0,0,0,0,,0,0,,0,0.0,1.0,0,0.7763975155279503,1.0,0.9999999999999994,1.0,0,1.0,0.983448275862069,0.9834482758620692
semaphoreio/semaphore,semaphoreio,semaphore,1294,62,1294,Semaphore is an open source CI/CD platform. Self-host Semaphore on your own servers or on a cloud provider.,2025-01-21T12:37:52Z,2025-09-14T21:47:29Z,2025-09-13T16:06:23Z,Elixir,62183,True,True,False,False,True,False,False,False,False,Other,main,93,"['build-pipelines', 'cd', 'ci', 'continuous-delivery', 'continuous-integration', 'elixir', 'golang']",public,https://semaphore.io,False,23,56,24,2025-08-13T11:55:20Z,"['Elixir', 'TypeScript', 'Go', 'HTML', 'JavaScript', 'Ruby', 'CSS', 'Makefile', 'Dockerfile', 'Shell', 'FreeMarker', 'HCL', 'PLpgSQL', 'Smarty', 'Python', 'Open Policy Agent']",17253285,99,Semaphore is an open source CI/CD platform. Self-host Semaphore on your own servers or on a cloud provider.,https://semaphore.io/,1300,62,0,0,0,0,0,0,,0,0,,0,0.0,0.0,0,0.0,1.0,0.0,0.0,0,0.7413793103448276,0.6673563218390802,0.6673563218390803
robotmcp/ros-mcp-server,robotmcp,ros-mcp-server,496,73,496,Connect AI models like Claude & GPT with robots using MCP and ROS.,2025-04-11T05:40:09Z,2025-09-13T19:36:52Z,2025-09-14T23:57:52Z,Python,133288,True,False,False,True,True,False,False,False,False,Apache License 2.0,main,13,"['mcp', 'mcp-server', 'modelcontextprotocol', 'ros', 'ros-mcp-server', 'ros2', 'ros2-mcp-server']",public,https://github.com/robotmcp/ros-mcp-server,False,4,83,1,2025-09-11T22:48:14Z,['Python'],54531,100,Connect AI models like Claude & GPT with robots using MCP and ROS.,,414,70,0,0,0,0,0,0,0.0,0,0,0.0,0,0.0,1.0,0,0.7763975155279503,0.8749999999999999,0.9999999999999994,0.0,0,0.7241379310344829,0.6726846423831416,0.6726846423831419
