repository,owner,repo_name,github_url,dataset_index,stars,forks,issues,pull_requests,description,website,watchers,contributors_count,releases_count,fork_ratio,issue_ratio,pr_ratio,engagement_score,created_at,pushed_at,updated_at,language,has_issues,has_projects,has_wiki,has_pages,private,fork,archived,disabled,size,open_issues_count,default_branch,license,topics,visibility,homepage,popularity_tier,activity_level,maturity_level,community_health,commit_velocity_score,release_cadence_score,maintenance_activity_score,development_consistency_score,execution_velocity_composite,team_resilience_score,community_health_score,growth_trajectory_score,network_effects_score,team_community_composite,operational_readiness_score,code_quality_score,api_stability_score,documentation_score,technical_maturity_composite,problem_ambition_score,commercial_viability_score,technology_differentiation_score,market_readiness_score,market_positioning_composite,category_potential_score,bsv_investment_score
resemble-ai/chatterbox,resemble-ai,chatterbox,https://github.com/resemble-ai/chatterbox,1,12662,1606,251,110,SoTA open-source TTS,https://resemble-ai.github.io/chatterbox_demopage/,1266,481,12,0.12683620281156216,0.019823092718369927,0.00868741115147686,0.0029997629157826364,2019-07-18T00:00:00Z,2024-09-19T14:36:24Z,2024-10-18T14:36:24Z,TypeScript,True,True,True,True,False,False,False,False,1266,75,main,Apache-2.0,[],public,https://resemble-ai.github.io/chatterbox_demopage/,popular,low,developing,0.24403727689148633,0,0,0,0,0,0,,0,0,,0,0,0,0,0,0.0,0.0,0.0,0,0.0,0.0,0.0
simstudioai/sim,simstudioai,sim,https://github.com/simstudioai/sim,2,14774,1835,1304,1077,Open-source platform to build and deploy AI agent workflows.,https://www.sim.ai,1477,550,14,0.12420468390415595,0.08826316501962908,0.07289833491268445,0.06915147866757758,2019-03-17T00:00:00Z,2025-07-04T14:36:24Z,2025-08-06T14:36:24Z,Rust,True,True,True,True,False,False,False,False,1477,391,main,BSD-3-Clause,['ai'],public,https://www.sim.ai,popular,moderate,developing,0.37089481521591977,0,0,0,0,0,0,,0,0,,0,0,0,0,0,1.0,0.0,0.0,0,0.8275862068965519,0.8275862068965516,0.8275862068965516
oraios/serena,oraios,serena,https://github.com/oraios/serena,3,12124,832,545,245,A powerful coding agent toolkit providing semantic retrieval and editing capabilities (MCP server & other integrations),,1212,249,12,0.06862421643022105,0.04495216100296932,0.02020785219399538,0.021276504104432086,2020-08-28T00:00:00Z,2025-03-03T14:36:24Z,2024-12-19T14:36:24Z,Rust,True,True,True,False,False,False,False,False,1212,163,main,BSD-3-Clause,['framework'],public,,popular,low,developing,0.262042230287034,0,0,0,0,0,0,,0,0,,0,0,0,0,0,0.7500000000000001,1.0,0.0,0,0.706896551724138,0.7068965517241377,0.7068965517241379
getzep/graphiti,getzep,graphiti,https://github.com/getzep/graphiti,4,18019,1618,835,641,Build Real-Time Knowledge Graphs for AI Agents,https://help.getzep.com/graphiti,1801,485,18,0.08979410622121095,0.04633997447139131,0.03557356124091237,0.02963131705098624,2020-01-07T00:00:00Z,2025-04-17T14:36:24Z,2025-03-16T14:36:24Z,TypeScript,True,True,True,True,False,False,False,False,1801,250,main,Apache-2.0,['ai'],public,https://help.getzep.com/graphiti,popular,moderate,developing,0.34202785948165826,0,0,0,0,0,0,,0,0,,0,0,0,0,0,0.8749999999999999,0.0,1.0,0,0.8965517241379313,0.8965517241379309,0.8965517241379308
11cafe/jaaz,11cafe,jaaz,https://github.com/11cafe/jaaz,5,4313,354,220,226,The world's first open-source multimodal creative assistant  This is a substitute for Canva and Manus that prioritizes privacy and is usable locally.,https://jaaz.app,431,106,4,0.08207744029677719,0.051008578715511246,0.052399721771388824,0.04035053976116627,2018-07-22T00:00:00Z,2025-07-13T14:36:24Z,2025-05-07T14:36:24Z,TypeScript,True,True,True,True,False,False,False,False,431,66,main,BSD-3-Clause,[],public,https://jaaz.app,established,low,growing,0.3394389056341294,0,0,0,0,0,0,,0,0,,0,0,0,0,0,0.0,0.0,0.0,0,0.0,0.0,0.0
rowboatlabs/rowboat,rowboatlabs,rowboat,https://github.com/rowboatlabs/rowboat,6,3466,317,200,195,AI-powered multi-agent builder,https://www.rowboatlabs.com,346,95,3,0.0914598961338719,0.05770340450086555,0.05626081938834391,0.04561467244870718,2019-01-13T00:00:00Z,2025-04-16T14:36:24Z,2025-04-05T14:36:24Z,Go,True,True,True,True,False,False,False,False,346,60,main,MIT,['ai'],public,https://www.rowboatlabs.com,established,low,growing,0.37680323139065197,0,0,0,0,0,0,,0,0,,0,0,0,0,0,0.8749999999999999,0.0,0.0,0,0.7241379310344829,0.7241379310344825,0.7241379310344824
0x4m4/hexstrike-ai,0x4m4,hexstrike-ai,https://github.com/0x4m4/hexstrike-ai,7,2791,675,55,8,"HexStrike AI MCP Agents is an advanced MCP server that lets AI agents (Claude, GPT, Copilot, etc.) autonomously run 150+ cybersecurity tools for automated pentesting, vulnerability discovery, bug bounty automation, and security research. Seamlessly bridge LLMs with real-world offensive security capabilities.",https://www.hexstrike.com/,279,202,2,0.2418487997133644,0.019706198495163023,0.002866356144750985,3.8567438425448187e-05,2018-06-27T00:00:00Z,2025-07-04T14:36:24Z,2024-09-27T14:36:24Z,TypeScript,True,True,True,True,False,False,False,False,279,16,main,BSD-3-Clause,['ai'],public,https://www.hexstrike.com/,established,minimal,growing,0.1,0,0,0,0,0,0,,0,0,,0,0,0,0,0,1.0,0.0,0.0,0,0.8275862068965519,0.8275862068965516,0.8275862068965516
VectifyAI/PageIndex,VectifyAI,PageIndex,https://github.com/VectifyAI/PageIndex,8,2464,190,17,17,üìÑüß† PageIndex: Document Index for Reasoning-based RAG,https://pageindex.ai,246,57,2,0.07711038961038962,0.006899350649350649,0.006899350649350649,0.0,2020-09-14T00:00:00Z,2025-07-01T14:36:24Z,2025-01-25T14:36:24Z,Python,True,True,True,True,False,False,False,False,246,5,main,MIT,[],public,https://pageindex.ai,established,minimal,growing,0.24375,0,0,0,0,0,0,,0,0,,0,0,0,0,0,0.0,0.0,0.0,0,0.0,0.0,0.0
Mooncake-Labs/pg_mooncake,Mooncake-Labs,pg_mooncake,https://github.com/Mooncake-Labs/pg_mooncake,9,1665,46,135,68,Real-time analytics on Postgres tables,https://mooncake.dev/,166,13,1,0.02762762762762763,0.08108108108108109,0.04084084084084084,0.04958309631226202,2019-02-21T00:00:00Z,2025-06-10T14:36:24Z,2025-06-03T14:36:24Z,Go,True,True,True,True,False,False,False,False,166,40,main,MIT,['database'],public,https://mooncake.dev/,established,low,growing,0.18858858858858857,0,0,0,0,0,0,,0,0,,0,0,0,0,0,1.0,0.0,1.0,0,1.0,1.0,1.0
nari-labs/dia,nari-labs,dia,https://github.com/nari-labs/dia,10,18336,1559,235,93,A TTS model capable of generating ultra-realistic dialogue in one pass.,https://narilabs.org/,1833,467,18,0.0850239965095986,0.012816317626527051,0.005071989528795812,0.0,2016-01-27T00:00:00Z,2024-12-13T14:36:24Z,2025-02-04T14:36:24Z,TypeScript,True,True,True,True,False,False,False,False,1833,70,main,MIT,[],public,https://narilabs.org/,popular,low,developing,0.27039703315881325,0,0,0,0,0,0,,0,0,,0,0,0,0,0,0.0,0.0,0.0,0,0.0,0.0,0.0
twentyhq/twenty,twentyhq,twenty,https://github.com/twentyhq/twenty,11,35390,4130,9821,8397,"Building a modern alternative to Salesforce, powered by the community.",https://twenty.com,3539,1239,35,0.11669963266459452,0.27750777055665443,0.2372704153715739,0.24549655854981067,2018-04-05T00:00:00Z,2025-08-28T14:36:24Z,2025-08-22T14:36:24Z,JavaScript,True,True,True,True,False,False,False,False,3539,2946,main,MIT,[],public,https://twenty.com,viral,very_high,mature,0.7091777338231139,0,0,0,0,0,0,,0,0,,0,0,0,0,0,0.0,0.0,0.0,0,0.0,0.0,0.0
boundaryml/baml,boundaryml,baml,https://github.com/boundaryml/baml,12,5778,270,2404,1812,The AI framework that adds the engineering to prompt engineering (Python/TS/Ruby/Java/C#/Rust/Go compatible),https://docs.boundaryml.com,577,81,5,0.04672897196261682,0.41606092073381795,0.31360332294911736,0.3526580713432701,2019-07-10T00:00:00Z,2025-07-14T14:36:24Z,2025-06-29T14:36:24Z,Rust,True,True,True,True,False,False,False,False,577,721,main,BSD-3-Clause,"['ai', 'framework']",public,https://docs.boundaryml.com,established,moderate,growing,0.7594323295257874,0,0,0,0,0,0,,0,0,,0,0,0,0,0,1.0,0.0,0.0,0,0.8275862068965519,0.8275862068965516,0.8275862068965516
stagewise-io/stagewise,stagewise-io,stagewise,https://github.com/stagewise-io/stagewise,13,6138,366,605,552,stagewise is the first frontend coding agent for existing production-grade web apps ü™Ñ  -- Lives inside your browser üíª -- Makes changes in local codebase ü§ì -- Compatible with all kinds of frameworks and setups üí™,https://stagewise.io,613,109,6,0.059628543499511244,0.0985663082437276,0.08993157380254155,0.08278385711148518,2018-07-08T00:00:00Z,2025-04-07T14:36:24Z,2025-07-18T14:36:24Z,Java,True,True,True,True,False,False,False,False,613,181,main,MIT,"['web', 'framework']",public,https://stagewise.io,established,moderate,growing,0.3476702508960573,0,0,0,0,0,0,,0,0,,0,0,0,0,0,0.7500000000000001,0.0,0.0,0,0.6206896551724139,0.6206896551724137,0.6206896551724137
M4THYOU/TokenDagger,M4THYOU,TokenDagger,https://github.com/M4THYOU/TokenDagger,14,451,10,4,0,High-Performance Implementation of OpenAI's TikToken.,,45,3,1,0.022172949002217297,0.008869179600886918,0.0,0.0,2018-02-21T00:00:00Z,2024-12-26T14:36:24Z,2024-12-26T14:36:24Z,JavaScript,True,False,False,False,False,False,False,False,100,1,main,MIT,['ai'],public,,emerging,minimal,early,0.1,0,0,0,0,0,0,0.0,0,0,0.0,0,0,0,0,0,0.8749999999999999,0.0,0.0,0,0.7241379310344829,0.6844986706679748,0.6844986706679748
CopilotKit/CopilotKit,CopilotKit,CopilotKit,https://github.com/CopilotKit/CopilotKit,15,22858,3081,2403,1818,"React UI + elegant infrastructure for AI Copilots, AI chatbots, and in-app AI agents. The Agentic last-mile ü™Å",https://docs.copilotkit.ai,2285,924,22,0.1347886954239216,0.10512730772596028,0.07953451745559542,0.08087085418761157,2021-11-12T00:00:00Z,2025-07-18T14:36:24Z,2025-08-01T14:36:24Z,TypeScript,True,True,True,True,False,False,False,False,2285,720,main,MIT,['ai'],public,https://docs.copilotkit.ai,popular,moderate,developing,0.3592702773645989,0,0,0,0,0,0,,0,0,,0,0,0,0,0,1.0,0.0,0.0,0,0.8275862068965519,0.8275862068965516,0.8275862068965516
onkernel/kernel-images,onkernel,kernel-images,https://github.com/onkernel/kernel-images,16,523,27,9,59,Browsers-as-a-service for automations and web agents,https://www.onkernel.com,52,8,1,0.05162523900573614,0.017208413001912046,0.11281070745697896,0.05362108767232079,2017-10-01T00:00:00Z,2025-04-30T14:36:24Z,2025-05-17T14:36:24Z,TypeScript,True,False,True,True,False,False,False,False,100,2,main,BSD-3-Clause,['web'],public,https://www.onkernel.com,emerging,minimal,early,0.281453154875717,0,0,0,0,0,0,0.0,0,0,0.0,0,0,0,0,0,0.8749999999999999,0.0,0.0,0,0.7241379310344829,0.6918771594234168,0.691877159423417
superglue-ai/superglue,superglue-ai,superglue,https://github.com/superglue-ai/superglue,17,1904,99,203,250,"superglue integrates & orchestrates APIs from natural language. Agents use it to build deterministic workflows across apps, APIs and databases. Humans use it to generate insights, build automations and manage data.",https://superglue.ai,190,29,1,0.051995798319327734,0.10661764705882353,0.13130252100840337,0.10743025339729012,2020-11-15T00:00:00Z,2025-04-23T14:36:24Z,2025-06-19T14:36:24Z,TypeScript,True,True,True,True,False,False,False,False,190,60,main,MIT,"['api', 'database']",public,https://superglue.ai,established,low,growing,0.3725840336134454,0,0,0,0,0,0,,0,0,,0,0,0,0,0,1.0,1.0,0.0,0,0.9137931034482761,0.9137931034482758,0.9137931034482758
Operative-Sh/web-eval-agent,Operative-Sh,web-eval-agent,https://github.com/Operative-Sh/web-eval-agent,18,1181,97,11,24,An MCP server that autonomously evaluates web applications. ,https://www.operative.sh/mcp,118,29,1,0.0821337849280271,0.009314140558848433,0.02032176121930567,0.003560987518294876,2019-06-15T00:00:00Z,2025-01-29T14:36:24Z,2024-12-09T14:36:24Z,Rust,True,True,True,True,False,False,False,False,118,3,main,Apache-2.0,['web'],public,https://www.operative.sh/mcp,established,minimal,early,0.27417442845046575,0,0,0,0,0,0,,0,0,,0,0,0,0,0,0.0,0.0,0.0,0,0.0,0.0,0.0
yichuan-w/LEANN,yichuan-w,LEANN,https://github.com/yichuan-w/LEANN,19,2516,232,40,52,"RAG on Everything with LEANN. Enjoy 97% storage savings while running a fast, accurate, and 100% private RAG application on your personal device.",,251,69,2,0.09220985691573927,0.01589825119236884,0.02066772655007949,0.007016946605948129,2018-04-06T00:00:00Z,2024-12-08T14:36:24Z,2025-04-24T14:36:24Z,Go,True,True,True,False,False,False,False,False,251,12,main,MIT,[],public,,established,minimal,growing,0.3100158982511923,0,0,0,0,0,0,,0,0,,0,0,0,0,0,0.0,0.0,0.0,0,0.0,0.0,0.0
sirius-db/sirius,sirius-db,sirius,https://github.com/sirius-db/sirius,20,436,11,45,33,,https://www.sirius-db.com,43,3,1,0.02522935779816514,0.10321100917431193,0.07568807339449542,0.07799703248566396,2018-09-29T00:00:00Z,2025-05-05T14:36:24Z,2025-08-03T14:36:24Z,JavaScript,True,False,False,True,False,False,False,False,100,13,main,MIT,[],public,https://www.sirius-db.com,emerging,minimal,early,0.23394495412844035,0,0,0,0,0,0,0.0,0,0,0.0,0,0,0,0,0,0.0,0.0,0.0,0,0.0,0.0,0.0
agentscope-ai/agentscope,agentscope-ai,agentscope,https://github.com/agentscope-ai/agentscope,21,11099,764,725,494,AgentScope: Agent-Oriented Programming for Building LLM Applications,https://doc.agentscope.io/,1109,229,11,0.06883503018289935,0.06532120010811784,0.04450851428056582,0.04355283420119729,2018-11-09T00:00:00Z,2025-04-19T14:36:24Z,2025-05-20T14:36:24Z,TypeScript,True,True,True,True,False,False,False,False,1109,217,main,MIT,[],public,https://doc.agentscope.io/,popular,moderate,developing,0.30327056491575816,0,0,0,0,0,0,,0,0,,0,0,0,0,0,0.0,0.0,0.0,0,0.0,0.0,0.0
agent0ai/agent-zero,agent0ai,agent-zero,https://github.com/agent0ai/agent-zero,22,11709,2287,647,318,Agent Zero AI framework,https://agent-zero.ai,1170,686,11,0.1953198394397472,0.055256640191305835,0.027158595951831923,0.029881510003004933,2017-05-04T00:00:00Z,2025-04-19T14:36:24Z,2024-12-06T14:36:24Z,Java,True,True,True,True,False,False,False,False,1170,194,main,Apache-2.0,"['ai', 'framework']",public,https://agent-zero.ai,popular,low,developing,0.1,0,0,0,0,0,0,,0,0,,0,0,0,0,0,1.0,0.0,0.0,0,0.8275862068965519,0.8275862068965516,0.8275862068965516
dyad-sh/dyad,dyad-sh,dyad,https://github.com/dyad-sh/dyad,23,14680,1475,1204,495,"Free, local, open-source AI app builder ‚ú® v0 / lovable / Bolt alternative üåü Star if you like it!",https://dyad.sh,1468,442,14,0.10047683923705722,0.08201634877384197,0.03371934604904632,0.04649808716209617,2018-06-04T00:00:00Z,2025-03-29T14:36:24Z,2025-06-14T14:36:24Z,Java,True,True,True,True,False,False,False,False,1468,361,main,MIT,['ai'],public,https://dyad.sh,popular,moderate,developing,0.39790190735694825,0,0,0,0,0,0,,0,0,,0,0,0,0,0,0.8749999999999999,0.0,0.0,0,0.7241379310344829,0.7241379310344825,0.7241379310344824
GraphiteEditor/Graphite,GraphiteEditor,Graphite,https://github.com/GraphiteEditor/Graphite,24,21086,889,3100,1884,"An open source graphics editor for 2025: comprehensive 2D content creation tool suite for graphic design, digital art, and interactive real-time motion graphics ‚Äî featuring node-based procedural editing",https://graphite.rs,2108,266,21,0.04216067532960258,0.14701697808972777,0.089348382813241,0.10665488672359835,2020-01-05T00:00:00Z,2025-04-10T14:36:24Z,2025-05-03T14:36:24Z,JavaScript,True,True,True,True,False,False,False,False,2108,930,main,BSD-3-Clause,[],public,https://graphite.rs,popular,moderate,developing,0.33344399127383095,0,0,0,0,0,0,,0,0,,0,0,0,0,0,0.0,0.0,1.0,0,0.1724137931034483,0.17241379310344812,0.17241379310344804
livestorejs/livestore,livestorejs,livestore,https://github.com/livestorejs/livestore,25,2965,88,606,333,LiveStore is a next-generation state management framework based on reactive SQLite and built-in sync engine.,https://livestore.dev,296,26,2,0.029679595278246207,0.20438448566610457,0.11231028667790893,0.1467143551776052,2018-08-23T00:00:00Z,2025-08-11T14:36:24Z,2025-07-01T14:36:24Z,Go,True,True,True,True,False,False,False,False,296,181,main,BSD-3-Clause,"['database', 'framework']",public,https://livestore.dev,established,low,growing,0.3648566610455312,0,0,0,0,0,0,,0,0,,0,0,0,0,0,1.0,0.0,0.0,0,0.8275862068965519,0.8275862068965516,0.8275862068965516
pathwaycom/pathway,pathwaycom,pathway,https://github.com/pathwaycom/pathway,26,42443,1292,112,14,"Python ETL framework for stream processing, real-time analytics, LLM pipelines, and RAG.",https://pathway.com,4244,387,42,0.03044082652027425,0.0026388332587234642,0.00032985415734043303,0.0,2018-01-23T00:00:00Z,2025-06-21T14:36:24Z,2024-09-24T14:36:24Z,Python,True,True,True,True,False,False,False,False,4244,33,main,Apache-2.0,['framework'],public,https://pathway.com,viral,low,mature,0.1,0,0,0,0,0,0,,0,0,,0,0,0,0,0,1.0,0.0,1.0,0,1.0,1.0,1.0
onlook-dev/onlook,onlook-dev,onlook,https://github.com/onlook-dev/onlook,27,22447,1554,2718,1878,"The Cursor for Designers ‚Ä¢ An Open-Source AI-First Design tool ‚Ä¢ Visually build, style, and edit your React App with AI",https://onlook.com,2244,466,22,0.06922974116808482,0.12108522296966187,0.0836637412571836,0.09088810812338335,2016-12-27T00:00:00Z,2025-06-28T14:36:24Z,2025-07-17T14:36:24Z,TypeScript,True,True,True,True,False,False,False,False,2244,815,main,Apache-2.0,['ai'],public,https://onlook.com,popular,moderate,developing,0.3882211431371675,0,0,0,0,0,0,,0,0,,0,0,0,0,0,1.0,0.0,0.0,0,0.8275862068965519,0.8275862068965516,0.8275862068965516
SuperClaude-Org/SuperClaude_Framework,SuperClaude-Org,SuperClaude_Framework,https://github.com/SuperClaude-Org/SuperClaude_Framework,28,15411,1371,245,103,"A configuration framework that enhances Claude Code with specialized commands, cognitive personas, and development methodologies.",https://superclaude.netlify.app/,1541,411,15,0.0889624294335215,0.015897735383816756,0.006683537732788268,4.291525494377299e-05,2017-03-17T00:00:00Z,2024-09-18T14:36:24Z,2024-11-24T14:36:24Z,TypeScript,True,True,True,True,False,False,False,False,1541,73,main,Apache-2.0,['framework'],public,https://superclaude.netlify.app/,popular,low,developing,0.2862890143404062,0,0,0,0,0,0,,0,0,,0,0,0,0,0,0.49999999999999994,0.0,0.0,0,0.41379310344827597,0.41379310344827563,0.4137931034482758
MiniMax-AI/MiniMax-01,MiniMax-AI,MiniMax-01,https://github.com/MiniMax-AI/MiniMax-01,29,3139,289,53,13,"The official repo of MiniMax-Text-01 and MiniMax-VL-01, large-language-model & vision-language-model based on Linear Attention",https://www.minimax.io/,313,86,3,0.09206753743230328,0.016884358075820324,0.00414144632048423,0.0,2018-04-07T00:00:00Z,2024-12-15T14:36:24Z,2025-02-23T14:36:24Z,JavaScript,True,True,True,True,False,False,False,False,313,15,main,Apache-2.0,[],public,https://www.minimax.io/,established,minimal,growing,0.2938515450780503,0,0,0,0,0,0,,0,0,,0,0,0,0,0,0.0,0.0,0.0,0,0.0,0.0,0.0
windmill-labs/windmill,windmill-labs,windmill,https://github.com/windmill-labs/windmill,30,14570,786,6416,5267,"Open-source developer platform to power your entire infra and turn scripts into webhooks, workflows and UIs. Fastest workflow engine (13x vs Airflow). Open-source alternative to Retool and Temporal.",https://windmill.dev,1457,235,14,0.05394646533973919,0.4403568977350721,0.3614962251201098,0.3886579383415875,2021-12-06T00:00:00Z,2025-09-07T14:36:24Z,2025-08-25T14:36:24Z,Go,True,True,True,True,False,False,False,False,1457,1924,main,BSD-3-Clause,"['ai', 'web']",public,https://windmill.dev,popular,very_high,developing,0.7526286890871654,0,0,0,0,0,0,,0,0,,0,0,0,0,0,1.0,0.0,0.0,0,0.8275862068965519,0.8275862068965516,0.8275862068965516
Skyvern-AI/skyvern,Skyvern-AI,skyvern,https://github.com/Skyvern-AI/skyvern,31,14240,1196,3304,3091,Automate browser-based workflows with LLMs and Computer Vision,https://www.skyvern.com,1424,358,14,0.08398876404494382,0.23202247191011235,0.21706460674157305,0.21273706495405842,2021-06-20T00:00:00Z,2025-06-30T14:36:24Z,2025-05-07T14:36:24Z,TypeScript,True,True,True,True,False,False,False,False,1424,991,main,MIT,[],public,https://www.skyvern.com,popular,high,developing,0.6546488764044944,0,0,0,0,0,0,,0,0,,0,0,0,0,0,0.0,0.0,0.0,0,0.0,0.0,0.0
triggerdotdev/trigger.dev,triggerdotdev,trigger.dev,https://github.com/triggerdotdev/trigger.dev,32,12252,811,2408,1854,Trigger.dev ‚Äì build and deploy fully‚Äëmanaged AI agents and workflows,https://trigger.dev/changelog,1225,243,12,0.06619327456741757,0.19653934051583416,0.15132223310479923,0.16225692508015416,2016-02-24T00:00:00Z,2025-06-01T14:36:24Z,2025-06-08T14:36:24Z,TypeScript,True,True,True,True,False,False,False,False,1225,722,main,MIT,['ai'],public,https://trigger.dev/changelog,popular,moderate,developing,0.5071335292197192,0,0,0,0,0,0,,0,0,,0,0,0,0,0,0.8749999999999999,0.0,0.0,0,0.7241379310344829,0.7241379310344825,0.7241379310344824
keephq/keep,keephq,keep,https://github.com/keephq/keep,33,10658,1053,5229,2911,The open-source AIOps and alert management platform,https://keephq.dev,1065,315,10,0.09879902420716832,0.4906173766185025,0.27312816663539125,0.3696540721920548,2017-03-15T00:00:00Z,2025-08-11T14:36:24Z,2025-06-20T14:36:24Z,Python,True,True,True,True,False,False,False,False,1065,1568,main,Apache-2.0,['ai'],public,https://keephq.dev,popular,high,developing,0.9620191405516982,0,0,0,0,0,0,,0,0,,0,0,0,0,0,1.0,0.0,0.0,0,0.8275862068965519,0.8275862068965516,0.8275862068965516
explodinggradients/ragas,explodinggradients,ragas,https://github.com/explodinggradients/ragas,34,10681,1070,2219,1129,Supercharge Your LLM Application Evaluations üöÄ,https://docs.ragas.io,1068,321,10,0.10017788596573354,0.20775208313828294,0.10570171332272259,0.14509811314599463,2020-01-15T00:00:00Z,2025-06-13T14:36:24Z,2025-04-04T14:36:24Z,Python,True,True,True,True,False,False,False,False,1068,665,main,MIT,[],public,https://docs.ragas.io,popular,moderate,developing,0.5713697219361484,0,0,0,0,0,0,,0,0,,0,0,0,0,0,0.0,0.0,0.0,0,0.0,0.0,0.0
activeloopai/deeplake,activeloopai,deeplake,https://github.com/activeloopai/deeplake,35,8812,677,3006,2552,"Database for AI. Store Vectors, Images, Texts, Videos, etc. Use with LLMs/LangChain. Store, query, version, & visualize any AI data. Stream data in real-time to PyTorch/TensorFlow. https://activeloop.ai",https://activeloop.ai,881,203,8,0.07682705401724921,0.34112573763050386,0.28960508397639584,0.303320970154491,2019-01-13T00:00:00Z,2025-08-19T14:36:24Z,2025-07-15T14:36:24Z,TypeScript,True,True,True,True,False,False,False,False,881,901,main,MIT,"['ai', 'database']",public,https://activeloop.ai,established,high,developing,0.7929868361325466,0,0,0,0,0,0,,0,0,,0,0,0,0,0,1.0,0.0,1.0,0,1.0,1.0,1.0
hyperdxio/hyperdx,hyperdxio,hyperdx,https://github.com/hyperdxio/hyperdx,36,8847,307,1112,955,"Resolve production issues, fast. An open source observability platform unifying session replays, logs, metrics, traces and errors powered by Clickhouse and OpenTelemetry.",https://hyperdx.io/,884,92,8,0.03470102859726461,0.1256923250819487,0.10794619645077427,0.10529503939281494,2018-01-13T00:00:00Z,2025-04-09T14:36:24Z,2025-04-06T14:36:24Z,JavaScript,True,True,True,True,False,False,False,False,884,333,main,Apache-2.0,"['cli', 'monitoring']",public,https://hyperdx.io/,established,moderate,developing,0.3126031423081271,0,0,0,0,0,0,,0,0,,0,0,0,0,0,0.49999999999999994,0.0,0.0,0,0.41379310344827597,0.41379310344827563,0.4137931034482758
highlight/highlight,highlight,highlight,https://github.com/highlight/highlight,37,8656,456,9845,7427,"highlight.io: The open source, full-stack monitoring platform. Error monitoring, session replay, logging, distributed tracing, and more.",https://app.highlight.io,865,136,8,0.05268022181146026,1.1373613678373382,0.8580175600739371,0.9838572368174374,2020-03-04T00:00:00Z,2025-08-21T14:36:24Z,2025-08-21T14:36:24Z,Go,True,True,True,True,False,False,False,False,865,2953,main,MIT,['monitoring'],public,https://app.highlight.io,established,very_high,developing,0.1,0,0,0,0,0,0,,0,0,,0,0,0,0,0,1.0,0.0,1.0,0,1.0,1.0,1.0
getlago/lago,getlago,lago,https://github.com/getlago/lago,38,8446,441,514,361,"Open Source Metering and Usage Based Billing API ‚≠êÔ∏è Consumption tracking, Subscription management, Pricing iterations, Payment orchestration & Revenue analytics",https://www.getlago.com,844,132,8,0.05221406582997869,0.06085721051385271,0.042742126450390716,0.04044580772840785,2019-08-13T00:00:00Z,2025-05-26T14:36:24Z,2025-07-26T14:36:24Z,TypeScript,True,True,True,True,False,False,False,False,844,154,main,MIT,['api'],public,https://www.getlago.com,established,low,developing,0.24807009235140895,0,0,0,0,0,0,,0,0,,0,0,0,0,0,0.8958333333333335,1.0,0.0,0,0.8275862068965519,0.8275862068965516,0.8275862068965516
paradedb/paradedb,paradedb,paradedb,https://github.com/paradedb/paradedb,39,7730,273,3008,2328,"ParadeDB is a modern Elasticsearch alternative built on Postgres. Built for real-time, update-heavy workloads.",https://paradedb.com,773,81,7,0.035316946959896504,0.3891332470892626,0.30116429495472186,0.3330262937147082,2018-03-06T00:00:00Z,2025-08-04T14:36:24Z,2025-06-18T14:36:24Z,Rust,True,True,True,True,False,False,False,False,773,902,main,MIT,['database'],public,https://paradedb.com,established,high,developing,0.7160931435963778,0,0,0,0,0,0,,0,0,,0,0,0,0,0,0.49999999999999994,0.0,1.0,0,0.5862068965517242,0.5862068965517241,0.5862068965517242
firezone/firezone,firezone,firezone,https://github.com/firezone/firezone,40,7506,334,9831,7326,Enterprise-ready zero-trust access platform built on WireGuard¬Æ.,https://www.firezone.dev,750,100,7,0.04449773514521716,1.3097521982414069,0.9760191846522782,1.0,2020-11-05T00:00:00Z,2025-09-06T14:36:24Z,2025-08-27T14:36:24Z,Rust,True,True,True,True,False,False,False,False,750,2949,main,MIT,[],public,https://www.firezone.dev,established,very_high,developing,0.1,0,0,0,0,0,0,,0,0,,0,0,0,0,0,1.0,0.0,0.0,0,0.8275862068965519,0.8275862068965516,0.8275862068965516
growthbook/growthbook,growthbook,growthbook,https://github.com/growthbook/growthbook,41,6847,596,4516,3321,Open Source Feature Flagging and A/B Testing Platform,https://www.growthbook.io,684,178,6,0.08704542135241712,0.6595589309186505,0.48502994011976047,0.5595768041231832,2020-12-24T00:00:00Z,2025-09-09T14:36:24Z,2025-08-29T14:36:24Z,Go,True,True,True,True,False,False,False,False,684,1354,main,MIT,[],public,https://www.growthbook.io,established,high,growing,0.6484591792025705,0,0,0,0,0,0,,0,0,,0,0,0,0,0,0.49999999999999994,0.0,0.0,0,0.41379310344827597,0.41379310344827563,0.4137931034482758
shuttle-hq/shuttle,shuttle-hq,shuttle,https://github.com/shuttle-hq/shuttle,42,6650,277,2006,1697,Build & ship backends without writing any infrastructure files.,https://shuttle.dev,665,83,6,0.04165413533834587,0.30165413533834584,0.255187969924812,0.26647341147853154,2019-02-14T00:00:00Z,2025-08-19T14:36:24Z,2025-07-26T14:36:24Z,Java,True,True,True,True,False,False,False,False,665,601,main,BSD-3-Clause,['web'],public,https://shuttle.dev,established,moderate,growing,0.6214736842105263,0,0,0,0,0,0,,0,0,,0,0,0,0,0,0.8749999999999999,0.0,0.0,0,0.7241379310344829,0.7241379310344825,0.7241379310344824
evidentlyai/evidently,evidentlyai,evidently,https://github.com/evidentlyai/evidently,43,6600,723,1702,1254,"Evidently is ‚Äã‚Äãan open-source ML and LLM observability framework. Evaluate, test, and monitor any AI-powered system or data pipeline. From tabular data to Gen AI. 100+ metrics.",https://discord.gg/xZjKRaNp8b,660,216,6,0.10954545454545454,0.2578787878787879,0.19,0.21213450251482432,2020-08-21T00:00:00Z,2025-06-06T14:36:24Z,2025-07-12T14:36:24Z,Rust,True,True,True,True,False,False,False,False,660,510,main,MIT,"['ai', 'framework', 'monitoring']",public,https://discord.gg/xZjKRaNp8b,established,moderate,growing,0.6676666666666666,0,0,0,0,0,0,,0,0,,0,0,0,0,0,1.0,0.0,0.0,0,0.8275862068965519,0.8275862068965516,0.8275862068965516
traceloop/openllmetry,traceloop,openllmetry,https://github.com/traceloop/openllmetry,44,6389,798,3308,3063,"Open-source observability for your LLM application, based on OpenTelemetry",https://www.traceloop.com/openllmetry,638,239,6,0.12490217561433714,0.517764908436375,0.4794177492565347,0.4860668101184032,2019-05-24T00:00:00Z,2025-08-01T14:36:24Z,2025-08-12T14:36:24Z,Rust,True,True,True,True,False,False,False,False,638,992,main,MIT,['monitoring'],public,https://www.traceloop.com/openllmetry,established,high,growing,0.7316637971513539,0,0,0,0,0,0,,0,0,,0,0,0,0,0,0.0,0.0,0.0,0,0.0,0.0,0.0
superagent-ai/superagent,superagent-ai,superagent,https://github.com/superagent-ai/superagent,45,6118,937,1009,631,The worlds first purpose-built firewall for AI,https://superagent.sh,611,281,6,0.15315462569467145,0.16492317750898985,0.10313828048381823,0.12246141111743677,2017-07-10T00:00:00Z,2025-06-14T14:36:24Z,2025-04-11T14:36:24Z,Python,True,True,True,True,False,False,False,False,611,302,main,MIT,['ai'],public,https://superagent.sh,established,moderate,growing,0.3756129454069958,0,0,0,0,0,0,,0,0,,0,0,0,0,0,0.8749999999999999,0.0,0.0,0,0.7241379310344829,0.7241379310344825,0.7241379310344824
authzed/spicedb,authzed,spicedb,https://github.com/authzed/spicedb,46,6017,341,2409,1962,"Open Source, Google Zanzibar-inspired database for scalably storing and querying fine-grained authorization data",https://authzed.com/docs,601,102,6,0.056672760511883,0.40036563071297987,0.32607611766661126,0.35105104539061216,2018-07-20T00:00:00Z,2025-08-12T14:36:24Z,2025-07-03T14:36:24Z,Go,True,True,True,True,False,False,False,False,601,722,main,MIT,"['ai', 'database']",public,https://authzed.com/docs,established,moderate,growing,0.7642346684394217,0,0,0,0,0,0,,0,0,,0,0,0,0,0,1.0,0.0,0.0,0,0.8275862068965519,0.8275862068965516,0.8275862068965516
hatchet-dev/hatchet,hatchet-dev,hatchet,https://github.com/hatchet-dev/hatchet,47,6019,262,2202,1996,ü™ì Run Background Tasks at Scale,https://hatchet.run,601,78,6,0.04352882538627679,0.3658415019106164,0.331616547599269,0.3365971666714391,2019-09-28T00:00:00Z,2025-08-22T14:36:24Z,2025-06-27T14:36:24Z,Java,True,True,True,True,False,False,False,False,601,660,main,MIT,[],public,https://hatchet.run,established,moderate,growing,0.6916431300880544,0,0,0,0,0,0,,0,0,,0,0,0,0,0,0.6249999999999999,0.0,0.0,0,0.5172413793103449,0.5172413793103446,0.517241379310345
NangoHQ/nango,NangoHQ,nango,https://github.com/NangoHQ/nango,48,5848,543,4601,3794,A single API for all your integrations.,https://www.nango.dev,584,162,5,0.09285225718194254,0.7867647058823529,0.6487688098495212,0.7046679682046469,2017-11-10T00:00:00Z,2025-08-20T14:36:24Z,2025-09-03T14:36:24Z,Java,True,True,True,True,False,False,False,False,584,1380,main,MIT,['api'],public,https://www.nango.dev,established,high,growing,0.40037619699042404,0,0,0,0,0,0,,0,0,,0,0,0,0,0,0.37499999999999994,1.0,0.0,0,0.3965517241379311,0.39655172413793077,0.3965517241379309
lightdash/lightdash,lightdash,lightdash,https://github.com/lightdash/lightdash,49,5090,611,9854,8714,Self-serve BI to 10x your data team ‚ö°Ô∏è,https://lightdash.com,509,183,5,0.1200392927308448,1.9359528487229862,1.7119842829076621,1.0,2019-08-31T00:00:00Z,2025-09-13T14:36:24Z,2025-09-13T14:36:24Z,Go,True,True,True,True,False,False,False,False,509,2956,main,MIT,[],public,https://lightdash.com,established,very_high,growing,0.1,0,0,0,0,0,0,,0,0,,0,0,0,0,0,0.0,0.0,0.0,0,0.0,0.0,0.0
ArroyoSystems/arroyo,ArroyoSystems,arroyo,https://github.com/ArroyoSystems/arroyo,50,4515,303,901,702,Distributed stream processing engine in Rust,https://arroyo.dev,451,90,4,0.06710963455149502,0.19955703211517165,0.15548172757475084,0.16583611548841748,2018-04-25T00:00:00Z,2025-06-28T14:36:24Z,2025-07-16T14:36:24Z,Rust,True,True,True,True,False,False,False,False,451,270,main,MIT,[],public,https://arroyo.dev,established,moderate,growing,0.5164562569213732,0,0,0,0,0,0,,0,0,,0,0,0,0,0,1.0,0.0,1.0,0,1.0,1.0,1.0
Helicone/helicone,Helicone,helicone,https://github.com/Helicone/helicone,51,4488,433,4201,4499,"üßä Open source LLM observability platform. One line of code to monitor, evaluate, and experiment. YC W23 üçì",https://www.helicone.ai,448,129,4,0.0964795008912656,0.9360516934046346,1.0024509803921569,0.9554936217154715,2018-01-27T00:00:00Z,2025-08-25T14:36:24Z,2025-09-02T14:36:24Z,Rust,True,True,True,True,False,False,False,False,448,1260,main,BSD-3-Clause,['monitoring'],public,https://www.helicone.ai,established,high,growing,0.1,0,0,0,0,0,0,,0,0,,0,0,0,0,0,0.49999999999999994,0.0,0.0,0,0.41379310344827597,0.41379310344827563,0.4137931034482758
rivet-gg/rivet,rivet-gg,rivet,https://github.com/rivet-gg/rivet,52,4366,113,2800,2505,Scale and orchestrate RivetKit,https://rivet.gg,436,33,4,0.02588181401740724,0.641319285387082,0.5737517178195144,0.5947255335799498,2020-08-22T00:00:00Z,2025-09-11T14:36:24Z,2025-08-24T14:36:24Z,Java,True,True,True,True,False,False,False,False,436,840,main,Apache-2.0,[],public,https://rivet.gg,established,high,growing,0.3908382959230417,0,0,0,0,0,0,,0,0,,0,0,0,0,0,0.6249999999999999,0.0,0.0,0,0.5172413793103449,0.5172413793103446,0.517241379310345
defog-ai/sqlcoder,defog-ai,sqlcoder,https://github.com/defog-ai/sqlcoder,53,3883,262,125,11,SoTA LLM for converting natural language questions to SQL queries,,388,78,3,0.06747360288436775,0.03219160442956477,0.0028328611898017,0.006248210035390931,2020-01-08T00:00:00Z,2025-07-15T14:36:24Z,2025-04-25T14:36:24Z,TypeScript,True,True,True,False,False,False,False,False,388,37,main,MIT,['database'],public,,established,low,growing,0.23100695338655672,0,0,0,0,0,0,,0,0,,0,0,0,0,0,0.49999999999999994,0.0,0.0,0,0.41379310344827597,0.41379310344827563,0.4137931034482758
requestly/requestly,requestly,requestly,https://github.com/requestly/requestly,54,3976,335,3405,2843,Free and open-source API Client & Interceptor.,https://requestly.com,397,100,3,0.08425553319919517,0.8563883299798792,0.7150402414486922,0.7724374638237294,2017-01-05T00:00:00Z,2025-08-27T14:36:24Z,2025-08-26T14:36:24Z,Go,True,True,True,True,False,False,False,False,397,1021,main,BSD-3-Clause,"['api', 'cli']",public,https://requestly.com,established,high,growing,0.25261569416498997,0,0,0,0,0,0,,0,0,,0,0,0,0,0,0.5625,1.0,0.0,0,0.5517241379310347,0.5517241379310344,0.5517241379310344
vocodedev/vocode-core,vocodedev,vocode-core,https://github.com/vocodedev/vocode-core,55,3440,622,717,568,ü§ñ Build voice-based LLM agents. Modular + open source.,https://vocode.dev,344,186,3,0.1808139534883721,0.20843023255813953,0.16511627906976745,0.1750657449804549,2019-05-26T00:00:00Z,2025-04-13T14:36:24Z,2025-06-22T14:36:24Z,TypeScript,True,True,True,True,False,False,False,False,344,215,main,MIT,[],public,https://vocode.dev,established,moderate,growing,0.38941860465116285,0,0,0,0,0,0,,0,0,,0,0,0,0,0,0.0,0.0,0.0,0,0.0,0.0,0.0
fern-api/fern,fern-api,fern,https://github.com/fern-api/fern,56,3308,244,9300,8033,Input OpenAPI. Output SDKs and Docs.,https://buildwithfern.com,330,73,3,0.07376058041112454,2.81136638452237,2.4283555018137846,1.0,2018-04-28T00:00:00Z,2025-09-03T14:36:24Z,2025-09-04T14:36:24Z,Python,True,True,True,True,False,False,False,False,330,2790,main,MIT,"['api', 'framework']",public,https://buildwithfern.com,established,very_high,growing,0.1,0,0,0,0,0,0,,0,0,,0,0,0,0,0,0.8958333333333335,1.0,0.0,0,0.8275862068965519,0.8275862068965516,0.8275862068965516
OpenPipe/OpenPipe,OpenPipe,OpenPipe,https://github.com/OpenPipe/OpenPipe,57,2730,160,700,644,Turn expensive prompts into cheap fine-tuned models,https://openpipe.ai,273,48,2,0.05860805860805861,0.2564102564102564,0.2358974358974359,0.23429074969114044,2018-08-05T00:00:00Z,2025-04-07T14:36:24Z,2025-03-23T14:36:24Z,TypeScript,True,True,True,True,False,False,False,False,273,210,main,MIT,[],public,https://openpipe.ai,established,moderate,growing,0.6168498168498169,0,0,0,0,0,0,,0,0,,0,0,0,0,0,0.0,0.0,0.0,0,0.0,0.0,0.0
questdb/questdb,questdb,questdb,https://github.com/questdb/questdb,58,16082,1472,5925,3811,"QuestDB is a high performance, open-source, time-series database",https://questdb.com,1608,441,16,0.09153090411640344,0.36842432533267006,0.23697301330680265,0.2906874173429087,2021-02-20T00:00:00Z,2025-09-04T14:36:24Z,2025-08-24T14:36:24Z,Java,True,True,True,True,False,False,False,False,1608,1777,main,BSD-3-Clause,['database'],public,https://questdb.com,popular,high,developing,0.8063051859221491,0,0,0,0,0,0,,0,0,,0,0,0,0,0,0.49999999999999994,0.0,0.0,0,0.41379310344827597,0.41379310344827563,0.4137931034482758
langfuse/langfuse,langfuse,langfuse,https://github.com/langfuse/langfuse,59,16053,1497,6815,5100,"ü™¢ Open source LLM engineering platform: LLM Observability, metrics, evals, prompt management, playground, datasets. Integrates with OpenTelemetry, Langchain, OpenAI SDK, LiteLLM, and more. üçäYC W23 ",https://langfuse.com/docs,1605,449,16,0.09325359745841899,0.4245312402666168,0.31769762661184825,0.35892392238722076,2017-10-24T00:00:00Z,2025-08-27T14:36:24Z,2025-08-02T14:36:24Z,Go,True,True,True,True,False,False,False,False,1605,2044,main,Apache-2.0,"['ai', 'framework', 'monitoring']",public,https://langfuse.com/docs,popular,very_high,developing,0.9016881579767022,0,0,0,0,0,0,,0,0,,0,0,0,0,0,1.0,1.0,0.0,0,0.9137931034482761,0.9137931034482758,0.9137931034482758
supertokens/supertokens-core,supertokens,supertokens-core,https://github.com/supertokens/supertokens-core,60,14498,609,1111,636,Open source alternative to Auth0 / Firebase Auth / AWS Cognito ,https://supertokens.com,1449,182,14,0.04200579390260726,0.07663125948406677,0.04386811974065388,0.048873688596199824,2017-06-01T00:00:00Z,2025-07-25T14:36:24Z,2025-04-27T14:36:24Z,Rust,True,True,True,True,False,False,False,False,1449,333,main,MIT,[],public,https://supertokens.com,popular,moderate,developing,0.2311905090357291,0,0,0,0,0,0,,0,0,,0,0,0,0,0,0.0,0.0,0.0,0,0.0,0.0,0.0
Eventual-Inc/Daft,Eventual-Inc,Daft,https://github.com/Eventual-Inc/Daft,61,4337,296,5003,3778,Distributed query engine providing simple and reliable data processing for any modality and scale,https://daft.ai,433,88,4,0.0682499423564676,1.153562370302052,0.8711090615632926,0.9984651135220753,2020-08-11T00:00:00Z,2025-08-29T14:36:24Z,2025-09-12T14:36:24Z,Go,True,True,True,True,False,False,False,False,433,1500,main,MIT,[],public,https://daft.ai,established,high,growing,0.1,0,0,0,0,0,0,,0,0,,0,0,0,0,0,1.0,0.0,1.0,0,1.0,1.0,1.0
bytebot-ai/bytebot,bytebot-ai,bytebot,https://github.com/bytebot-ai/bytebot,62,6728,733,111,72,"Bytebot is a self-hosted AI desktop agent that automates computer tasks through natural language commands, operating within a containerized Linux desktop environment.",https://www.bytebot.ai/,672,219,6,0.10894768133174793,0.01649821640903686,0.01070154577883472,0.0023461092400181393,2017-02-14T00:00:00Z,2024-11-29T14:36:24Z,2025-06-26T14:36:24Z,Rust,True,True,True,True,False,False,False,False,672,33,main,MIT,['ai'],public,https://www.bytebot.ai/,established,low,growing,0.2970570749108204,0,0,0,0,0,0,,0,0,,0,0,0,0,0,0.8749999999999999,0.0,0.0,0,0.7241379310344829,0.7241379310344825,0.7241379310344824
kestra-io/kestra,kestra-io,kestra,https://github.com/kestra-io/kestra,63,21129,1809,9823,6762,":zap: Universal Workflow Orchestration Platform ‚Äî Code in any language, run anywhere. 900+ plugins for data, infrastructure, and AI automation.",https://kestra.io,2112,542,21,0.08561692460599177,0.46490605329168444,0.3200340763879029,0.3802235989828607,2016-09-03T00:00:00Z,2025-09-05T14:36:24Z,2025-07-04T14:36:24Z,Go,True,True,True,True,False,False,False,False,2112,2946,main,Apache-2.0,['ai'],public,https://kestra.io,popular,very_high,developing,0.90874154006342,0,0,0,0,0,0,,0,0,,0,0,0,0,0,1.0,1.0,0.0,0,0.9137931034482761,0.9137931034482758,0.9137931034482758
emcie-co/parlant,emcie-co,parlant,https://github.com/emcie-co/parlant,64,11778,943,504,412,LLM agents built for control. Designed for real-world use. Deployed in minutes.,https://www.parlant.io,1177,282,11,0.08006452708439464,0.04279164544065207,0.03498047206656478,0.027566033502092253,2020-02-21T00:00:00Z,2025-06-02T14:36:24Z,2025-04-12T14:36:24Z,TypeScript,True,True,True,True,False,False,False,False,1177,151,main,MIT,[],public,https://www.parlant.io,popular,low,developing,0.30940736967227034,0,0,0,0,0,0,,0,0,,0,0,0,0,0,0.0,0.0,0.0,0,0.0,0.0,0.0
documenso/documenso,documenso,documenso,https://github.com/documenso/documenso,65,11589,1960,1822,1296,The Open Source DocuSign Alternative.,https://documenso.com,1158,588,11,0.1691258952454914,0.1572180516006558,0.111830183794978,0.12295350706997134,2021-02-05T00:00:00Z,2025-05-24T14:36:24Z,2025-04-30T14:36:24Z,Go,True,True,True,True,False,False,False,False,1158,546,main,MIT,[],public,https://documenso.com,popular,moderate,developing,0.33022693933902847,0,0,0,0,0,0,,0,0,,0,0,0,0,0,0.0,0.0,0.0,0,0.0,0.0,0.0
makeplane/plane,makeplane,plane,https://github.com/makeplane/plane,66,38697,2687,7600,6270,"üî• üî• üî• Open Source JIRA, Linear, Monday, and Asana Alternative. Plane helps you track your issues, epics, and cycles the easiest way on the planet.",http://plane.so,3869,806,38,0.06943690725379228,0.19639765356487582,0.16202806419102256,0.16752515736442555,2015-01-21T00:00:00Z,2025-07-06T14:36:24Z,2025-07-31T14:36:24Z,Go,True,True,True,True,False,False,False,False,3869,2280,main,Apache-2.0,[],public,http://plane.so,viral,very_high,mature,0.5274569088043001,0,0,0,0,0,0,,0,0,,0,0,0,0,0,0.0,0.0,0.0,0,0.0,0.0,0.0
formbricks/formbricks,formbricks,formbricks,https://github.com/formbricks/formbricks,67,11241,1990,6218,4096,Open Source Qualtrics Alternative,https://formbricks.com,1124,597,11,0.1770305132995285,0.5531536340183257,0.36438039320345167,0.4463468402776572,2019-06-05T00:00:00Z,2025-07-12T14:36:24Z,2025-07-10T14:36:24Z,Rust,True,True,True,True,False,False,False,False,1124,1865,main,Apache-2.0,[],public,https://formbricks.com,popular,very_high,developing,0.6620051596833022,0,0,0,0,0,0,,0,0,,0,0,0,0,0,0.0,0.0,0.0,0,0.0,0.0,0.0
erxes/erxes,erxes,erxes,https://github.com/erxes/erxes,68,3681,1166,6001,3772,Source available experience management infrastructure. Pioneering the future of experiences with XOS (Experience Operating System). Hubspot + Qualtrics alternative,https://erxes.io,368,349,3,0.3167617495245857,1.6302635153490899,1.0247215430589514,1.0,2017-09-29T00:00:00Z,2025-09-09T14:36:24Z,2025-09-01T14:36:24Z,TypeScript,True,True,True,True,False,False,False,False,368,1800,main,Apache-2.0,['ai'],public,https://erxes.io,established,high,growing,0.1,0,0,0,0,0,0,,0,0,,0,0,0,0,0,1.0,0.0,0.0,0,0.8275862068965519,0.8275862068965516,0.8275862068965516
novuhq/novu,novuhq,novu,https://github.com/novuhq/novu,69,37755,4110,8900,7309,"The open-source notification Inbox infrastructure. E-mail, SMS, Push and Slack Integrations.",https://novu.co,3775,1233,37,0.10885975367500993,0.23573036683882928,0.1935902529466296,0.20287973099387913,2015-07-17T00:00:00Z,2025-05-27T14:36:24Z,2025-06-20T14:36:24Z,Java,True,True,True,True,False,False,False,False,3775,2670,main,BSD-3-Clause,['ai'],public,https://novu.co,viral,very_high,mature,0.6555952853926632,0,0,0,0,0,0,,0,0,,0,0,0,0,0,1.0,1.0,0.0,0,0.9137931034482761,0.9137931034482758,0.9137931034482758
knadh/listmonk,knadh,listmonk,https://github.com/knadh/listmonk,70,17782,1740,2550,614,"High performance, self-hosted, newsletter and mailing list manager with a modern dashboard. Single binary app.",https://listmonk.app,1778,522,17,0.09785176020695086,0.14340344168260039,0.034529299291418285,0.07751512766477973,2016-05-12T00:00:00Z,2025-05-06T14:36:24Z,2025-03-20T14:36:24Z,Python,True,True,True,True,False,False,False,False,1778,765,main,MIT,['ai'],public,https://listmonk.app,popular,moderate,developing,0.44280733325835114,0,0,0,0,0,0,,0,0,,0,0,0,0,0,0.8749999999999999,0.0,0.0,0,0.7241379310344829,0.7241379310344825,0.7241379310344824
paperless-ngx/paperless-ngx,paperless-ngx,paperless-ngx,https://github.com/paperless-ngx/paperless-ngx,71,31942,1952,5322,3243,"A community-supported supercharged document management system: scan, index and archive all your documents",http://docs.paperless-ngx.com/,3194,585,31,0.06111076325840586,0.1666144887608791,0.10152776908146015,0.12250170518862832,2018-05-07T00:00:00Z,2025-04-07T14:36:24Z,2025-08-10T14:36:24Z,TypeScript,True,True,True,True,False,False,False,False,3194,1596,main,MIT,[],public,http://docs.paperless-ngx.com/,viral,high,mature,0.418151649865381,0,0,0,0,0,0,,0,0,,0,0,0,0,0,0.49999999999999994,0.0,0.0,0,0.41379310344827597,0.41379310344827563,0.4137931034482758
OpenBB-finance/OpenBB,OpenBB-finance,OpenBB,https://github.com/OpenBB-finance/OpenBB,72,52175,4954,6922,4734,"Financial data platform for analysts, quants and AI agents.",https://openbb.co,5217,1486,52,0.09494968854815525,0.1326689027311931,0.09073310972688069,0.10019019541352074,2017-06-14T00:00:00Z,2025-04-23T14:36:24Z,2025-04-06T14:36:24Z,TypeScript,True,True,True,True,False,False,False,False,5217,2076,main,Apache-2.0,['ai'],public,https://openbb.co,viral,very_high,mature,0.48171729755630094,0,0,0,0,0,0,,0,0,,0,0,0,0,0,1.0,0.0,0.0,0,0.8275862068965519,0.8275862068965516,0.8275862068965516
rowyio/rowy,rowyio,rowy,https://github.com/rowyio/rowy,73,6729,539,1115,721,"Low-code backend platform. Manage database on spreadsheet-like UI and build cloud functions workflows in JS/TS, all in your browser.",http://rowy.io,672,161,6,0.08010105513449249,0.16570069846931193,0.10714816466042502,0.12484884184323142,2017-07-19T00:00:00Z,2025-03-19T14:36:24Z,2025-06-17T14:36:24Z,TypeScript,True,True,True,True,False,False,False,False,672,334,main,MIT,"['web', 'database']",public,http://rowy.io,established,moderate,growing,0.48001188883935203,0,0,0,0,0,0,,0,0,,0,0,0,0,0,0.9404761904761901,0.0,0.0,0,0.7783251231527093,0.7783251231527092,0.7783251231527093
Infisical/infisical,Infisical,infisical,https://github.com/Infisical/infisical,74,20053,1349,4209,3238,"Infisical is the open-source platform for secrets management, PKI, and SSH access.",https://infisical.com,2005,404,20,0.06727172991572333,0.20989378147908044,0.16147209893781478,0.173978286157587,2020-02-14T00:00:00Z,2025-06-09T14:36:24Z,2025-07-06T14:36:24Z,TypeScript,True,True,True,True,False,False,False,False,2005,1262,main,BSD-3-Clause,[],public,https://infisical.com,popular,high,developing,0.5312023138682491,0,0,0,0,0,0,,0,0,,0,0,0,0,0,0.49999999999999994,0.0,0.0,0,0.41379310344827597,0.41379310344827563,0.4137931034482758
teableio/teable,teableio,teable,https://github.com/teableio/teable,75,19482,1021,1715,1394,‚ú® The Next Gen Airtable Alternative: No-Code Postgres,https://teable.ai,1948,306,19,0.052407350374704856,0.08802997638846115,0.07155322862129145,0.06836439888537538,2019-11-05T00:00:00Z,2025-06-02T14:36:24Z,2025-04-17T14:36:24Z,Java,True,True,True,True,False,False,False,False,1948,514,main,MIT,"['ai', 'database']",public,https://teable.ai,popular,moderate,developing,0.29919926085617493,0,0,0,0,0,0,,0,0,,0,0,0,0,0,1.0,0.0,0.0,0,0.8275862068965519,0.8275862068965516,0.8275862068965516
logto-io/logto,logto-io,logto,https://github.com/logto-io/logto,76,10748,615,7617,6960,"üßë‚ÄçüöÄ Authentication and authorization infrastructure for SaaS and AI apps, built on OIDC and OAuth 2.1 with multi-tenancy, SSO, and RBAC.",https://logto.io,1074,184,10,0.05721994789728321,0.7086899888351321,0.64756233717901,0.6651312373669697,2020-11-01T00:00:00Z,2025-09-08T14:36:24Z,2025-08-30T14:36:24Z,JavaScript,True,True,True,True,False,False,False,False,1074,2285,main,MIT,['ai'],public,https://logto.io,popular,very_high,developing,0.3571455154447339,0,0,0,0,0,0,,0,0,,0,0,0,0,0,1.0,0.0,0.0,0,0.8275862068965519,0.8275862068965516,0.8275862068965516
Unleash/unleash,Unleash,unleash,https://github.com/Unleash/unleash,77,12608,792,9804,9686,Open-source feature management platform,https://www.getunleash.io,1260,237,12,0.06281725888324872,0.7776015228426396,0.768242385786802,0.7596786501598157,2019-01-05T00:00:00Z,2025-09-03T14:36:24Z,2025-09-06T14:36:24Z,Go,True,True,True,True,False,False,False,False,1260,2941,main,MIT,[],public,https://www.getunleash.io,popular,very_high,developing,0.19812817258883245,0,0,0,0,0,0,,0,0,,0,0,0,0,0,0.49999999999999994,0.0,0.0,0,0.41379310344827597,0.41379310344827563,0.4137931034482758
appsmithorg/appsmith,appsmithorg,appsmith,https://github.com/appsmithorg/appsmith,78,37945,4228,9852,17461,"Platform to build admin panels, internal tools, and dashboards. Integrates with 25+ databases and any API.",https://www.appsmith.com,3794,1268,37,0.11142443009619185,0.2596389511134537,0.46016602977994464,0.3477413562869538,2015-09-22T00:00:00Z,2025-08-13T14:36:24Z,2025-08-04T14:36:24Z,Go,True,True,True,True,False,False,False,False,3794,2955,main,Apache-2.0,"['api', 'database']",public,https://www.appsmith.com,viral,very_high,mature,0.6132718408222427,0,0,0,0,0,0,,0,0,,0,0,0,0,0,0.8809523809523808,1.0,0.0,0,0.8152709359605913,0.8152709359605912,0.8152709359605913
ToolJet/ToolJet,ToolJet,ToolJet,https://github.com/ToolJet/ToolJet,79,36445,4742,9841,8798,"ToolJet is the open-source foundation of ToolJet AI - the AI-native platform for building internal tools, dashboard, business applications, workflows and AI agents üöÄ",https://tooljet.ai,3644,1422,36,0.13011387021539306,0.270023322815201,0.24140485663328304,0.2438259440577012,2016-12-08T00:00:00Z,2025-06-22T14:36:24Z,2025-07-24T14:36:24Z,TypeScript,True,True,True,True,False,False,False,False,3644,2952,main,BSD-3-Clause,['ai'],public,https://tooljet.ai,viral,very_high,mature,0.6670819042392647,0,0,0,0,0,0,,0,0,,0,0,0,0,0,1.0,0.0,0.0,0,0.8275862068965519,0.8275862068965516,0.8275862068965516
fonoster/fonoster,fonoster,fonoster,https://github.com/fonoster/fonoster,80,6997,417,700,550,üöÄ The open-source alternative to Twilio.,https://fonoster.com,699,125,6,0.059596970130055736,0.10004287551807918,0.07860511647849078,0.07787181614612905,2017-06-26T00:00:00Z,2025-06-18T14:36:24Z,2025-05-28T14:36:24Z,Rust,True,True,True,True,False,False,False,False,699,210,main,Apache-2.0,[],public,https://fonoster.com,established,moderate,developing,0.33743032728312133,0,0,0,0,0,0,,0,0,,0,0,0,0,0,0.0,0.0,0.0,0,0.0,0.0,0.0
jitsucom/jitsu,jitsucom,jitsu,https://github.com/jitsucom/jitsu,81,4398,315,1213,623,"Jitsu is an open-source Segment alternative. Fully-scriptable data ingestion engine for modern data teams. Set-up a real-time data pipeline in minutes, not days",https://jitsu.com,439,94,4,0.07162346521145975,0.27580718508412916,0.14165529786266484,0.1969661975807727,2020-09-04T00:00:00Z,2025-08-03T14:36:24Z,2025-04-25T14:36:24Z,Go,True,True,True,True,False,False,False,False,439,363,main,MIT,[],public,https://jitsu.com,established,moderate,growing,0.5771714415643474,0,0,0,0,0,0,,0,0,,0,0,0,0,0,1.0,0.0,1.0,0,1.0,1.0,1.0
Avaiga/taipy,Avaiga,taipy,https://github.com/Avaiga/taipy,82,18618,1926,2526,1512,Turns Data and AI algorithms into production-ready web applications in no time.,https://www.taipy.io,1861,577,18,0.10344827586206896,0.13567515307766678,0.08121173058330648,0.0969411662990377,2021-08-16T00:00:00Z,2025-07-16T14:36:24Z,2025-04-18T14:36:24Z,Go,True,True,True,True,False,False,False,False,1861,757,main,Apache-2.0,"['ai', 'web']",public,https://www.taipy.io,popular,moderate,developing,0.479407025459233,0,0,0,0,0,0,,0,0,,0,0,0,0,0,1.0,0.0,0.0,0,0.8275862068965519,0.8275862068965516,0.8275862068965516
go-skynet/LocalAI,go-skynet,LocalAI,https://github.com/go-skynet/LocalAI,83,35178,2759,5901,4796,":robot: The free, Open Source alternative to OpenAI, Claude and others. Self-hosted and local-first. Drop-in replacement for OpenAI,  running on consumer-grade hardware. No GPU required. Runs gguf, transformers, diffusers and many more models architectures. Features: Generate Text, Audio, Video, Images, Voice Cloning, Distributed, P2P inference",https://localai.io,3517,827,35,0.0784297003809199,0.16774688725908238,0.13633520950594122,0.140424540893979,2017-05-12T00:00:00Z,2025-04-25T14:36:24Z,2025-06-10T14:36:24Z,Python,True,True,True,True,False,False,False,False,3517,1770,main,BSD-3-Clause,['ai'],public,https://localai.io,viral,very_high,mature,0.5058218204559668,0,0,0,0,0,0,,0,0,,0,0,0,0,0,1.0,0.0,1.0,0,1.0,1.0,1.0
chroma-core/chroma,chroma-core,chroma,https://github.com/chroma-core/chroma,84,23247,1822,5404,3965,Open-source search and retrieval database for AI applications.,https://www.trychroma.com/,2324,546,23,0.07837570439196455,0.23246010237880158,0.17055964210435756,0.18976374936791512,2016-11-30T00:00:00Z,2025-03-19T14:36:24Z,2025-08-12T14:36:24Z,Rust,True,True,True,True,False,False,False,False,2324,1621,main,MIT,"['ai', 'database']",public,https://www.trychroma.com/,popular,high,developing,0.5916548371832924,0,0,0,0,0,0,,0,0,,0,0,0,0,0,1.0,0.0,0.0,0,0.8275862068965519,0.8275862068965516,0.8275862068965516
weaviate/weaviate,weaviate,weaviate,https://github.com/weaviate/weaviate,85,14550,1076,9101,6524,"Weaviate is an open-source vector database that stores both objects and vectors, allowing for the combination of vector search with structured filtering with the fault tolerance and scalability of a cloud-native database‚Äã.",https://weaviate.io/developers/weaviate/,1455,322,14,0.07395189003436427,0.6254982817869416,0.4483848797250859,0.524316578889626,2017-04-07T00:00:00Z,2025-08-18T14:36:24Z,2025-09-03T14:36:24Z,TypeScript,True,True,True,True,False,False,False,False,1455,2730,main,Apache-2.0,['database'],public,https://weaviate.io/developers/weaviate/,popular,very_high,developing,0.6730721649484537,0,0,0,0,0,0,,0,0,,0,0,0,0,0,1.0,0.0,0.0,0,0.8275862068965519,0.8275862068965516,0.8275862068965516
qdrant/qdrant,qdrant,qdrant,https://github.com/qdrant/qdrant,86,25875,1809,6816,5314,"Qdrant - High-performance, massive-scale Vector Database and Vector Search Engine for the next generation of AI. Also available in the cloud https://cloud.qdrant.io/",https://qdrant.tech,2587,542,25,0.06991304347826087,0.2634202898550725,0.2053719806763285,0.22256384568511056,2017-06-30T00:00:00Z,2025-04-16T14:36:24Z,2025-07-16T14:36:24Z,Go,True,True,True,True,False,False,False,False,2587,2044,main,MIT,"['ai', 'database']",public,https://qdrant.tech,popular,very_high,developing,0.625847342995169,0,0,0,0,0,0,,0,0,,0,0,0,0,0,1.0,0.0,0.0,0,0.8275862068965519,0.8275862068965516,0.8275862068965516
milvus-io/milvus,milvus-io,milvus,https://github.com/milvus-io/milvus,87,37128,3391,9815,26649,"Milvus is a high-performance, cloud-native vector database built for scalable vector ANN search",https://milvus.io,3712,1017,37,0.09133268692092221,0.26435574229691877,0.7177601809954751,0.47855318141635134,2019-07-02T00:00:00Z,2025-07-11T14:36:24Z,2025-06-26T14:36:24Z,Python,True,True,True,True,False,False,False,False,3712,2944,main,MIT,['database'],public,https://milvus.io,viral,very_high,mature,0.3677224736048265,0,0,0,0,0,0,,0,0,,0,0,0,0,0,1.0,0.0,0.0,0,0.8275862068965519,0.8275862068965516,0.8275862068965516
marqo-ai/marqo,marqo-ai,marqo,https://github.com/marqo-ai/marqo,88,4938,214,1204,1030,Unified embedding generation and search engine. Also available on cloud - cloud.marqo.ai,https://www.marqo.ai/,493,64,4,0.043337383556095586,0.24382341028756582,0.20858647225597407,0.2143941137895561,2017-11-21T00:00:00Z,2025-08-08T14:36:24Z,2025-06-15T14:36:24Z,Go,True,True,True,True,False,False,False,False,493,361,main,MIT,['ai'],public,https://www.marqo.ai/,established,moderate,growing,0.5336573511543135,0,0,0,0,0,0,,0,0,,0,0,0,0,0,1.0,0.0,0.0,0,0.8275862068965519,0.8275862068965516,0.8275862068965516
typesense/typesense,typesense,typesense,https://github.com/typesense/typesense,89,24317,807,2503,761,"Open Source alternative to Algolia + Pinecone and an Easier-to-Use alternative to ElasticSearch ‚ö° üîç ‚ú® Fast, typo tolerant, in-memory fuzzy Search Engine for building delightful search experiences",https://typesense.org,2431,242,24,0.0331866595385944,0.10293210511165028,0.031294978821400664,0.05571955667669583,2017-01-16T00:00:00Z,2025-05-17T14:36:24Z,2025-04-29T14:36:24Z,Go,True,True,True,True,False,False,False,False,2431,750,main,MIT,[],public,https://typesense.org,popular,moderate,developing,0.2132006415265041,0,0,0,0,0,0,,0,0,,0,0,0,0,0,0.6249999999999999,0.0,0.0,0,0.5172413793103449,0.5172413793103446,0.517241379310345
zincsearch/zincsearch,zincsearch,zincsearch,https://github.com/zincsearch/zincsearch,90,17539,759,923,635,"ZincSearch . A lightweight alternative to elasticsearch that requires minimal resources, written in Go.",https://zincsearch-docs.zinc.dev,1753,227,17,0.04327498717144649,0.052625577284907916,0.03620502879297566,0.03308079037754557,2018-10-11T00:00:00Z,2025-07-16T14:36:24Z,2025-03-19T14:36:24Z,Go,True,True,True,True,False,False,False,False,1753,276,main,BSD-3-Clause,[],public,https://zincsearch-docs.zinc.dev,popular,moderate,developing,0.20813045213524145,0,0,0,0,0,0,,0,0,,0,0,0,0,0,0.0,0.0,0.0,0,0.0,0.0,0.0
quickwit-oss/quickwit,quickwit-oss,quickwit,https://github.com/quickwit-oss/quickwit,91,10402,485,5804,3404,"Cloud-native search engine for observability. An open-source alternative to Datadog, Elasticsearch, Loki, and Tempo.",https://quickwit.io,1040,145,10,0.04662564891367045,0.5579696212266871,0.3272447606229571,0.4302293586354586,2016-10-22T00:00:00Z,2025-07-10T14:36:24Z,2025-09-05T14:36:24Z,Go,True,True,True,True,False,False,False,False,1040,1741,main,MIT,['monitoring'],public,https://quickwit.io,popular,high,developing,0.7662564891367045,0,0,0,0,0,0,,0,0,,0,0,0,0,0,1.0,0.0,0.0,0,0.8275862068965519,0.8275862068965516,0.8275862068965516
openobserve/openobserve,openobserve,openobserve,https://github.com/openobserve/openobserve,92,16557,650,8213,5494,"üöÄ 10x easier, üöÄ 140x lower storage cost, üöÄ high performance,  üöÄ petabyte scale - Elasticsearch/Splunk/Datadog alternative for üöÄ (logs, metrics, traces, RUM, Error tracking, Session replay).",https://openobserve.ai,1655,195,16,0.03925831974391496,0.4960439693181132,0.33182339795856736,0.40163098003407743,2017-10-24T00:00:00Z,2025-07-30T14:36:24Z,2025-07-04T14:36:24Z,Go,True,True,True,True,False,False,False,False,1655,2463,main,MIT,['monitoring'],public,https://openobserve.ai,popular,very_high,developing,0.782786736727668,0,0,0,0,0,0,,0,0,,0,0,0,0,0,0.6249999999999999,0.0,0.0,0,0.5172413793103449,0.5172413793103446,0.517241379310345
grafana/loki,grafana,loki,https://github.com/grafana/loki,93,26413,3782,9830,13629,"Like Prometheus, but for logs.",https://grafana.com/loki,2641,1134,26,0.14318706697459585,0.3721652216711468,0.5159959111043804,0.43169887364421544,2020-04-14T00:00:00Z,2025-06-20T14:36:24Z,2025-07-31T14:36:24Z,Go,True,True,True,True,False,False,False,False,2641,2949,main,Apache-2.0,[],public,https://grafana.com/loki,popular,very_high,developing,0.5521750653087495,0,0,0,0,0,0,,0,0,,0,0,0,0,0,0.0,0.0,0.0,0,0.0,0.0,0.0
VictoriaMetrics/VictoriaMetrics,VictoriaMetrics,VictoriaMetrics,https://github.com/VictoriaMetrics/VictoriaMetrics,94,14986,1456,9201,4887,"VictoriaMetrics: fast, cost-effective monitoring solution and time series database",https://victoriametrics.com/,1498,436,14,0.09715734685706659,0.613973041505405,0.3261043640731349,0.4575889960202304,2021-12-06T00:00:00Z,2025-07-08T14:36:24Z,2025-07-23T14:36:24Z,Rust,True,True,True,True,False,False,False,False,1498,2760,main,MIT,"['database', 'monitoring']",public,https://victoriametrics.com/,popular,very_high,developing,0.8741892432937408,0,0,0,0,0,0,,0,0,,0,0,0,0,0,0.49999999999999994,0.0,0.0,0,0.41379310344827597,0.41379310344827563,0.4137931034482758
cortexproject/cortex,cortexproject,cortex,https://github.com/cortexproject/cortex,95,5671,831,6900,4931,"A horizontally scalable, highly available, multi-tenant, long term Prometheus.",https://cortexmetrics.io/,567,249,5,0.14653500264503616,1.216716628460589,0.8695115499911832,1.0,2019-10-29T00:00:00Z,2025-08-27T14:36:24Z,2025-08-19T14:36:24Z,Java,True,True,True,True,False,False,False,False,567,2070,main,BSD-3-Clause,['ai'],public,https://cortexmetrics.io/,established,very_high,growing,0.1,0,0,0,0,0,0,,0,0,,0,0,0,0,0,0.8749999999999999,0.0,0.0,0,0.7241379310344829,0.7241379310344825,0.7241379310344824
thanos-io/thanos,thanos-io,thanos,https://github.com/thanos-io/thanos,96,13695,2203,7917,5096,Highly available Prometheus setup with long term storage capabilities. A CNCF Incubating project.,https://thanos.io,1369,660,13,0.16086162833150786,0.5780941949616648,0.3721066082511866,0.4626374324634216,2019-12-25T00:00:00Z,2025-09-02T14:36:24Z,2025-08-16T14:36:24Z,Go,True,True,True,True,False,False,False,False,1369,2375,main,BSD-3-Clause,['ai'],public,https://thanos.io,popular,very_high,developing,0.6828331507849581,0,0,0,0,0,0,,0,0,,0,0,0,0,0,0.8749999999999999,0.0,0.0,0,0.7241379310344829,0.7241379310344825,0.7241379310344824
m3db/m3,m3db,m3,https://github.com/m3db/m3,97,4847,464,4305,3713,"M3 monorepo - Distributed TSDB, Aggregator and Query Engine, Prometheus Sidecar, Graphite Compatible, Metrics Platform",https://m3db.io/,484,139,4,0.09572931710336291,0.8881782545904683,0.7660408500103156,0.8137242688980667,2020-09-18T00:00:00Z,2025-09-01T14:36:24Z,2025-08-21T14:36:24Z,Go,True,True,True,True,False,False,False,False,484,1291,main,MIT,"['database', 'monitoring']",public,https://m3db.io/,established,high,growing,0.21060449762739844,0,0,0,0,0,0,,0,0,,0,0,0,0,0,1.0,0.0,1.0,0,1.0,1.0,1.0
skypilot-org/skypilot,skypilot-org,skypilot,https://github.com/skypilot-org/skypilot,98,8697,771,343,143,"Run, manage, and scale AI workloads on any AI infrastructure. Use one system to access & manage all AI compute (Kubernetes, 17+ clouds, or on-prem).",https://docs.skypilot.co/en/latest/docs/index.html,869,231,8,0.0886512590548465,0.03943888697251926,0.016442451420029897,0.016649322428947393,2019-05-21T00:00:00Z,2025-06-24T14:36:24Z,2024-12-31T14:36:24Z,Python,True,True,True,True,False,False,False,False,869,102,main,Apache-2.0,"['ai', 'devops']",public,https://docs.skypilot.co/en/latest/docs/index.html,established,low,developing,0.3139473381625848,0,0,0,0,0,0,,0,0,,0,0,0,0,0,1.0,0.0,0.0,0,0.8275862068965519,0.8275862068965516,0.8275862068965516
semaphoreio/semaphore,semaphoreio,semaphore,https://github.com/semaphoreio/semaphore,99,1300,62,76,13,Semaphore is an open source CI/CD platform. Self-host Semaphore on your own servers or on a cloud provider.,https://semaphore.io/,130,18,1,0.047692307692307694,0.05846153846153846,0.01,0.022922941502810955,2019-11-16T00:00:00Z,2025-02-18T14:36:24Z,2025-03-19T14:36:24Z,Python,True,True,True,True,False,False,False,False,130,22,main,Apache-2.0,['devops'],public,https://semaphore.io/,established,minimal,early,0.19984615384615384,0,0,0,0,0,0,,0,0,,0,0,0,0,0,1.0,0.0,0.0,0,0.8275862068965519,0.8275862068965516,0.8275862068965516
robotmcp/ros-mcp-server,robotmcp,ros-mcp-server,https://github.com/robotmcp/ros-mcp-server,100,414,70,11,2,Connect AI models like Claude & GPT with robots using MCP and ROS.,,41,21,1,0.16908212560386474,0.026570048309178744,0.004830917874396135,0.004441207360564447,2018-08-20T00:00:00Z,2025-04-28T14:36:24Z,2025-04-17T14:36:24Z,TypeScript,True,False,False,False,False,False,False,False,100,3,main,Apache-2.0,['ai'],public,,emerging,minimal,early,0.11884057971014497,0,0,0,0,0,0,0.0,0,0,0.0,0,0,0,0,0,0.8749999999999999,0.0,0.0,0,0.7241379310344829,0.680235413415183,0.680235413415183
