repository,llm_preference_score,innovation_reasoning,innovation_category,market_potential,technical_sophistication,community_strength,llm_rank
resemble-ai/chatterbox,0.265,Standard development project with incremental value; Strong community traction indicates product-market fit; Healthy contributor base with collaborative development,general_innovation,0.3,0.2,0.6,68
simstudioai/sim,0.46,Moderate innovation potential with promising features; Strong community traction indicates product-market fit; Healthy contributor base with collaborative development; Operating in high-growth technology sector,ai_innovation,0.7,0.3,0.6,37
oraios/serena,0.335,Standard development project with incremental value; Strong community traction indicates product-market fit; Healthy contributor base with collaborative development,developer_innovation,0.6,0.3,0.3,57
getzep/graphiti,0.33999999999999997,Standard development project with incremental value; Strong community traction indicates product-market fit; Healthy contributor base with collaborative development; Operating in high-growth technology sector,ai_innovation,0.3,0.2,0.3,56
11cafe/jaaz,0.265,Standard development project with incremental value,general_innovation,0.1,0.5,0.0,68
rowboatlabs/rowboat,0.31,Standard development project with incremental value; Operating in high-growth technology sector,ai_innovation,0.1,0.3,0.0,62
0x4m4/hexstrike-ai,0.41000000000000003,Moderate innovation potential with promising features; Healthy contributor base with collaborative development; Operating in high-growth technology sector,ai_innovation,0.4,0.5,0.3,43
VectifyAI/PageIndex,0.21,Standard development project with incremental value,general_innovation,0.1,0.2,0.0,72
Mooncake-Labs/pg_mooncake,0.2,Standard development project with incremental value,general_innovation,0.1,0.3,0.0,73
nari-labs/dia,0.265,Standard development project with incremental value; Strong community traction indicates product-market fit; Healthy contributor base with collaborative development,general_innovation,0.3,0.2,0.3,68
twentyhq/twenty,0.5350000000000001,Moderate innovation potential with promising features; Massive community adoption demonstrates market validation; High fork count shows active developer ecosystem; Positioned as disruptive alternative to incumbent solutions,general_innovation,0.5,0.0,1.0,23
boundaryml/baml,0.59,Moderate innovation potential with promising features; Strong community traction indicates product-market fit; Operating in high-growth technology sector,ai_innovation,0.4,0.3,0.7,17
stagewise-io/stagewise,0.30000000000000004,Standard development project with incremental value; Strong community traction indicates product-market fit,platform_innovation,0.4,0.2,0.3,63
M4THYOU/TokenDagger,0.245,Standard development project with incremental value; Operating in high-growth technology sector,ai_innovation,0.0,0.2,0.0,70
CopilotKit/CopilotKit,0.39,Standard development project with incremental value; Massive community adoption demonstrates market validation; High fork count shows active developer ecosystem; Operating in high-growth technology sector,ai_innovation,0.3,0.2,0.6,47
onkernel/kernel-images,0.32499999999999996,Standard development project with incremental value,general_innovation,0.0,0.2,0.0,60
superglue-ai/superglue,0.32499999999999996,Standard development project with incremental value,developer_innovation,0.4,0.2,0.0,60
Operative-Sh/web-eval-agent,0.28500000000000003,Standard development project with incremental value,general_innovation,0.1,0.3,0.0,66
yichuan-w/LEANN,0.28,Standard development project with incremental value,general_innovation,0.1,0.3,0.0,67
sirius-db/sirius,0.125,Standard development project with incremental value,general_innovation,0.0,0.0,0.0,75
agentscope-ai/agentscope,0.255,Standard development project with incremental value; Strong community traction indicates product-market fit; Healthy contributor base with collaborative development,general_innovation,0.3,0.2,0.3,69
agent0ai/agent-zero,0.41000000000000003,Moderate innovation potential with promising features; Strong community traction indicates product-market fit; High fork count shows active developer ecosystem; Operating in high-growth technology sector,ai_innovation,0.6,0.2,0.6,43
dyad-sh/dyad,0.4,Standard development project with incremental value; Strong community traction indicates product-market fit; Healthy contributor base with collaborative development; Operating in high-growth technology sector,ai_innovation,0.3,0.2,0.6,45
GraphiteEditor/Graphite,0.265,Standard development project with incremental value; Massive community adoption demonstrates market validation; Healthy contributor base with collaborative development; Positioned as disruptive alternative to incumbent solutions,developer_innovation,0.8,0.0,0.3,68
livestorejs/livestore,0.59,Moderate innovation potential with promising features,platform_innovation,0.4,0.3,0.0,17
pathwaycom/pathway,0.3,Standard development project with incremental value; Massive community adoption demonstrates market validation; Healthy contributor base with collaborative development,platform_innovation,0.6,0.2,0.3,64
onlook-dev/onlook,0.37,Standard development project with incremental value; Massive community adoption demonstrates market validation; Healthy contributor base with collaborative development; Operating in high-growth technology sector,ai_innovation,0.6,0.2,0.3,52
SuperClaude-Org/SuperClaude_Framework,0.385,Standard development project with incremental value; Strong community traction indicates product-market fit; Healthy contributor base with collaborative development,platform_innovation,0.6,0.2,0.3,48
MiniMax-AI/MiniMax-01,0.185,Standard development project with incremental value,general_innovation,0.1,0.0,0.0,74
windmill-labs/windmill,0.7900000000000001,High innovation potential with strong differentiators; Strong community traction indicates product-market fit; Healthy contributor base with collaborative development; Operating in high-growth technology sector,ai_innovation,1.0,0.3,0.7,1
Skyvern-AI/skyvern,0.405,Moderate innovation potential with promising features; Strong community traction indicates product-market fit; Healthy contributor base with collaborative development,general_innovation,0.3,0.2,0.3,44
triggerdotdev/trigger.dev,0.39,Standard development project with incremental value; Strong community traction indicates product-market fit; Healthy contributor base with collaborative development; Operating in high-growth technology sector,ai_innovation,0.3,0.2,0.3,47
keephq/keep,0.63,High innovation potential with strong differentiators; Strong community traction indicates product-market fit; Healthy contributor base with collaborative development; Operating in high-growth technology sector,ai_innovation,0.7,0.2,0.7,12
explodinggradients/ragas,0.38,Standard development project with incremental value; Strong community traction indicates product-market fit; Healthy contributor base with collaborative development,general_innovation,0.3,0.2,0.6,50
activeloopai/deeplake,0.5,Moderate innovation potential with promising features; Strong community traction indicates product-market fit; Healthy contributor base with collaborative development; Operating in high-growth technology sector,ai_innovation,0.1,0.2,0.7,30
hyperdxio/hyperdx,0.435,Moderate innovation potential with promising features; Strong community traction indicates product-market fit; Positioned as disruptive alternative to incumbent solutions,platform_innovation,0.7000000000000001,0.0,0.3,40
highlight/highlight,0.7200000000000002,High innovation potential with strong differentiators; Strong community traction indicates product-market fit; Positioned as disruptive alternative to incumbent solutions,platform_innovation,0.7000000000000001,0.6,0.7,4
getlago/lago,0.355,Standard development project with incremental value; Strong community traction indicates product-market fit; Positioned as disruptive alternative to incumbent solutions,developer_innovation,0.6,0.2,0.3,54
paradedb/paradedb,0.545,Moderate innovation potential with promising features; Strong community traction indicates product-market fit; Positioned as disruptive alternative to incumbent solutions,general_innovation,0.1,0.3,0.7,21
firezone/firezone,0.655,High innovation potential with strong differentiators; Strong community traction indicates product-market fit,platform_innovation,0.5,0.3,0.7,10
growthbook/growthbook,0.6900000000000002,High innovation potential with strong differentiators; Strong community traction indicates product-market fit; Healthy contributor base with collaborative development; Positioned as disruptive alternative to incumbent solutions,platform_innovation,0.7000000000000001,0.3,0.7,7
shuttle-hq/shuttle,0.32,Standard development project with incremental value; Strong community traction indicates product-market fit,platform_innovation,0.1,0.2,0.7,61
evidentlyai/evidently,0.63,High innovation potential with strong differentiators; Strong community traction indicates product-market fit; Healthy contributor base with collaborative development; Operating in high-growth technology sector,ai_innovation,0.4,0.3,0.6,12
traceloop/openllmetry,0.4750000000000001,Moderate innovation potential with promising features; Strong community traction indicates product-market fit; Healthy contributor base with collaborative development,general_innovation,0.1,0.3,1.0,35
superagent-ai/superagent,0.39,Standard development project with incremental value; Strong community traction indicates product-market fit; Healthy contributor base with collaborative development; Operating in high-growth technology sector,ai_innovation,0.1,0.2,0.6,47
authzed/spicedb,0.5700000000000001,Moderate innovation potential with promising features; Strong community traction indicates product-market fit; Operating in high-growth technology sector; Positioned as disruptive alternative to incumbent solutions,ai_innovation,0.30000000000000004,0.3,0.7,19
hatchet-dev/hatchet,0.29000000000000004,Standard development project with incremental value; Strong community traction indicates product-market fit,general_innovation,0.1,0.2,0.7,65
NangoHQ/nango,0.41000000000000003,Moderate innovation potential with promising features; Strong community traction indicates product-market fit; Healthy contributor base with collaborative development,developer_innovation,0.4,0.2,0.7,43
lightdash/lightdash,0.51,Moderate innovation potential with promising features; Strong community traction indicates product-market fit; Healthy contributor base with collaborative development,general_innovation,0.1,0.3,1.0,26
ArroyoSystems/arroyo,0.42,Moderate innovation potential with promising features,general_innovation,0.1,0.6,0.0,41
Helicone/helicone,0.6950000000000001,High innovation potential with strong differentiators; Positioned as disruptive alternative to incumbent solutions,platform_innovation,0.7000000000000001,0.3,0.4,6
rivet-gg/rivet,0.34,Standard development project with incremental value,general_innovation,0.1,0.2,0.4,55
defog-ai/sqlcoder,0.235,Standard development project with incremental value,general_innovation,0.1,0.2,0.0,71
requestly/requestly,0.49,Moderate innovation potential with promising features,developer_innovation,0.4,0.3,0.4,31
vocodedev/vocode-core,0.485,Moderate innovation potential with promising features; Healthy contributor base with collaborative development; Positioned as disruptive alternative to incumbent solutions,general_innovation,0.30000000000000004,0.2,0.3,32
fern-api/fern,0.5099999999999999,Moderate innovation potential with promising features,developer_innovation,0.4,0.2,0.4,27
OpenPipe/OpenPipe,0.375,Standard development project with incremental value,general_innovation,0.1,0.2,0.0,51
questdb/questdb,0.3800000000000001,Standard development project with incremental value; Strong community traction indicates product-market fit; Healthy contributor base with collaborative development,general_innovation,0.3,0.4,0.7,49
langfuse/langfuse,0.7500000000000001,High innovation potential with strong differentiators; Strong community traction indicates product-market fit; Healthy contributor base with collaborative development; Operating in high-growth technology sector,ai_innovation,0.9000000000000001,0.3,0.7,2
supertokens/supertokens-core,0.41500000000000004,Moderate innovation potential with promising features; Strong community traction indicates product-market fit; Healthy contributor base with collaborative development; Positioned as disruptive alternative to incumbent solutions,general_innovation,0.5,0.3,0.3,42
Eventual-Inc/Daft,0.6100000000000001,High innovation potential with strong differentiators,general_innovation,0.1,0.6,0.4,14
bytebot-ai/bytebot,0.33,Standard development project with incremental value; Strong community traction indicates product-market fit; Healthy contributor base with collaborative development; Operating in high-growth technology sector,ai_innovation,0.1,0.3,0.6,59
kestra-io/kestra,0.66,High innovation potential with strong differentiators; Massive community adoption demonstrates market validation; Healthy contributor base with collaborative development; Operating in high-growth technology sector,ai_innovation,0.7,0.3,0.7,9
emcie-co/parlant,0.255,Standard development project with incremental value; Strong community traction indicates product-market fit; Healthy contributor base with collaborative development,general_innovation,0.3,0.2,0.3,69
documenso/documenso,0.52,Moderate innovation potential with promising features; Strong community traction indicates product-market fit; Healthy contributor base with collaborative development; Positioned as disruptive alternative to incumbent solutions,general_innovation,0.5,0.3,0.6,25
makeplane/plane,0.52,Moderate innovation potential with promising features; Massive community adoption demonstrates market validation; High fork count shows active developer ecosystem; Positioned as disruptive alternative to incumbent solutions,general_innovation,0.5,0.3,0.3,25
formbricks/formbricks,0.655,High innovation potential with strong differentiators; Strong community traction indicates product-market fit; Healthy contributor base with collaborative development; Positioned as disruptive alternative to incumbent solutions,general_innovation,0.5,0.3,1.0,10
erxes/erxes,0.73,High innovation potential with strong differentiators; Healthy contributor base with collaborative development; Operating in high-growth technology sector; Positioned as disruptive alternative to incumbent solutions,ai_innovation,0.1,0.2,0.7,3
novuhq/novu,0.48000000000000004,Moderate innovation potential with promising features; Massive community adoption demonstrates market validation; High fork count shows active developer ecosystem; Operating in high-growth technology sector,ai_innovation,0.3,0.2,0.6,33
knadh/listmonk,0.4,Standard development project with incremental value; Strong community traction indicates product-market fit; Healthy contributor base with collaborative development; Operating in high-growth technology sector,ai_innovation,0.3,0.4,0.3,45
paperless-ngx/paperless-ngx,0.375,Standard development project with incremental value; Massive community adoption demonstrates market validation; Healthy contributor base with collaborative development,general_innovation,0.5,0.2,0.3,51
OpenBB-finance/OpenBB,0.46,Moderate innovation potential with promising features; Massive community adoption demonstrates market validation; High fork count shows active developer ecosystem; Operating in high-growth technology sector,ai_innovation,0.7,0.2,0.3,37
rowyio/rowy,0.435,Moderate innovation potential with promising features; Strong community traction indicates product-market fit; Healthy contributor base with collaborative development,platform_innovation,0.5,0.2,0.3,40
Infisical/infisical,0.525,Moderate innovation potential with promising features; Massive community adoption demonstrates market validation; Healthy contributor base with collaborative development,platform_innovation,0.7,0.2,0.3,24
teableio/teable,0.4,Standard development project with incremental value; Strong community traction indicates product-market fit; Healthy contributor base with collaborative development; Operating in high-growth technology sector,ai_innovation,0.3,0.2,0.3,45
logto-io/logto,0.615,High innovation potential with strong differentiators; Strong community traction indicates product-market fit; Healthy contributor base with collaborative development; Operating in high-growth technology sector,ai_innovation,0.7,0.0,0.7,13
Unleash/unleash,0.6000000000000001,High innovation potential with strong differentiators; Strong community traction indicates product-market fit; Healthy contributor base with collaborative development,platform_innovation,0.7,0.3,0.7,16
appsmithorg/appsmith,0.61,High innovation potential with strong differentiators; Massive community adoption demonstrates market validation; High fork count shows active developer ecosystem,platform_innovation,1.0,0.3,1.0,15
ToolJet/ToolJet,0.7200000000000001,High innovation potential with strong differentiators; Massive community adoption demonstrates market validation; High fork count shows active developer ecosystem; Operating in high-growth technology sector,ai_innovation,1.0,0.2,1.0,5
fonoster/fonoster,0.395,Standard development project with incremental value; Strong community traction indicates product-market fit; Positioned as disruptive alternative to incumbent solutions,general_innovation,0.1,0.3,0.3,46
jitsucom/jitsu,0.6000000000000001,High innovation potential with strong differentiators; Positioned as disruptive alternative to incumbent solutions,general_innovation,0.1,0.3,0.0,16
Avaiga/taipy,0.36,Standard development project with incremental value; Strong community traction indicates product-market fit; Healthy contributor base with collaborative development; Operating in high-growth technology sector,ai_innovation,0.3,0.3,0.6,53
go-skynet/LocalAI,0.6300000000000001,High innovation potential with strong differentiators; Massive community adoption demonstrates market validation; High fork count shows active developer ecosystem; Operating in high-growth technology sector,ai_innovation,0.5,0.5,0.3,11
chroma-core/chroma,0.48,Moderate innovation potential with promising features; Massive community adoption demonstrates market validation; Healthy contributor base with collaborative development; Operating in high-growth technology sector,ai_innovation,0.3,0.3,0.3,34
weaviate/weaviate,0.54,Moderate innovation potential with promising features; Strong community traction indicates product-market fit; Healthy contributor base with collaborative development,general_innovation,0.3,0.2,0.7,22
qdrant/qdrant,0.5700000000000001,Moderate innovation potential with promising features; Massive community adoption demonstrates market validation; Healthy contributor base with collaborative development; Operating in high-growth technology sector,ai_innovation,0.3,0.5,0.3,19
milvus-io/milvus,0.505,Moderate innovation potential with promising features; Massive community adoption demonstrates market validation; High fork count shows active developer ecosystem,general_innovation,0.3,0.7,0.7,29
marqo-ai/marqo,0.44,Moderate innovation potential with promising features; Operating in high-growth technology sector,ai_innovation,0.1,0.3,0.0,39
typesense/typesense,0.45999999999999996,Moderate innovation potential with promising features; Massive community adoption demonstrates market validation; Healthy contributor base with collaborative development; Positioned as disruptive alternative to incumbent solutions,general_innovation,0.5,0.3,0.3,38
zincsearch/zincsearch,0.33000000000000007,Standard development project with incremental value; Strong community traction indicates product-market fit; Healthy contributor base with collaborative development; Positioned as disruptive alternative to incumbent solutions,general_innovation,0.3,0.3,0.3,58
quickwit-oss/quickwit,0.5800000000000001,Moderate innovation potential with promising features; Strong community traction indicates product-market fit; Positioned as disruptive alternative to incumbent solutions,general_innovation,0.3,0.3,0.7,18
openobserve/openobserve,0.54,Moderate innovation potential with promising features; Strong community traction indicates product-market fit; Healthy contributor base with collaborative development; Positioned as disruptive alternative to incumbent solutions,general_innovation,0.3,0.5,0.7,22
grafana/loki,0.4600000000000001,Moderate innovation potential with promising features; Massive community adoption demonstrates market validation; High fork count shows active developer ecosystem,general_innovation,0.3,0.3,1.0,36
VictoriaMetrics/VictoriaMetrics,0.5050000000000001,Moderate innovation potential with promising features; Strong community traction indicates product-market fit; Healthy contributor base with collaborative development,general_innovation,0.3,0.3,0.7,28
cortexproject/cortex,0.56,Moderate innovation potential with promising features; Strong community traction indicates product-market fit; Healthy contributor base with collaborative development; Operating in high-growth technology sector,ai_innovation,0.1,0.5,1.0,20
thanos-io/thanos,0.51,Moderate innovation potential with promising features; Strong community traction indicates product-market fit; High fork count shows active developer ecosystem; Operating in high-growth technology sector,ai_innovation,0.3,0.3,1.0,26
m3db/m3,0.68,High innovation potential with strong differentiators,platform_innovation,0.5,0.6,0.4,8
skypilot-org/skypilot,0.4,Standard development project with incremental value; Strong community traction indicates product-market fit; Healthy contributor base with collaborative development; Operating in high-growth technology sector,ai_innovation,0.1,0.2,0.3,45
semaphoreio/semaphore,0.36,Standard development project with incremental value; Positioned as disruptive alternative to incumbent solutions,platform_innovation,0.7000000000000001,0.2,0.0,53
robotmcp/ros-mcp-server,0.31,Standard development project with incremental value; Operating in high-growth technology sector,ai_innovation,0.0,0.2,0.3,62
